graph_id,dataset,algorithm,metric,n_observations,mean,median,std,min,max
dolphins,dolphins,flpa,VI,1,1.0640933458709134,1.0640933458709134,0.0,1.0640933458709134,1.0640933458709134
dolphins,dolphins,flpa,normalized_VI,1,0.1787131781353332,0.1787131781353332,0.0,0.1787131781353332,0.1787131781353332
dolphins,dolphins,flpa,NMI,1,0.692329336416889,0.692329336416889,0.0,0.692329336416889,0.692329336416889
dolphins,dolphins,flpa,Omega,1,0.5858121657005618,0.5858121657005618,0.0,0.5858121657005618,0.5858121657005618
dolphins,dolphins,lpa,VI,1,1.1003659493734164,1.1003659493734164,0.0,1.1003659493734164,1.1003659493734164
dolphins,dolphins,lpa,normalized_VI,1,0.1848051176031715,0.1848051176031715,0.0,0.1848051176031715,0.1848051176031715
dolphins,dolphins,lpa,NMI,1,0.7468195205949912,0.7468195205949912,0.0,0.7468195205949912,0.7468195205949912
dolphins,dolphins,lpa,Omega,1,0.5879157503745789,0.5879157503745789,0.0,0.5879157503745789,0.5879157503745789
dolphins,dolphins,semi_sync_lpa,VI,1,1.2018532849406816,1.2018532849406816,0.0,1.2018532849406816,1.2018532849406816
dolphins,dolphins,semi_sync_lpa,normalized_VI,1,0.2018497916912972,0.2018497916912972,0.0,0.2018497916912972,0.2018497916912972
dolphins,dolphins,semi_sync_lpa,NMI,1,0.701101321821262,0.701101321821262,0.0,0.701101321821262,0.701101321821262
dolphins,dolphins,semi_sync_lpa,Omega,1,0.5385484302574697,0.5385484302574697,0.0,0.5385484302574697,0.5385484302574697
dolphins,dolphins,slpa,Omega,1,0.5947377130619615,0.5947377130619615,0.0,0.5947377130619615,0.5947377130619615
dolphins,dolphins,slpa,ONMI,1,0.5313564550144421,0.5313564550144421,0.0,0.5313564550144421,0.5313564550144421
karate,karate,flpa,VI,1,0.7250189087189576,0.7250189087189576,0.0,0.7250189087189576,0.7250189087189576
karate,karate,flpa,normalized_VI,1,0.1425109000974581,0.1425109000974581,0.0,0.1425109000974581,0.1425109000974581
karate,karate,flpa,NMI,1,0.6733022823812932,0.6733022823812932,0.0,0.6733022823812932,0.6733022823812932
karate,karate,flpa,Omega,1,0.6584321537532039,0.6584321537532039,0.0,0.6584321537532039,0.6584321537532039
karate,karate,lpa,VI,1,0.8829728316028973,0.8829728316028973,0.0,0.8829728316028973,0.8829728316028973
karate,karate,lpa,normalized_VI,1,0.1735585809971027,0.1735585809971027,0.0,0.1735585809971027,0.1735585809971027
karate,karate,lpa,NMI,1,0.6643845106008595,0.6643845106008595,0.0,0.6643845106008595,0.6643845106008595
karate,karate,lpa,Omega,1,0.6060145836163494,0.6060145836163494,0.0,0.6060145836163494,0.6060145836163494
karate,karate,semi_sync_lpa,VI,1,1.1135424161987055,1.1135424161987055,0.0,1.1135424161987055,1.1135424161987055
karate,karate,semi_sync_lpa,normalized_VI,1,0.2188797148884987,0.2188797148884987,0.0,0.2188797148884987,0.2188797148884987
karate,karate,semi_sync_lpa,NMI,1,0.568161888544301,0.568161888544301,0.0,0.568161888544301,0.568161888544301
karate,karate,semi_sync_lpa,Omega,1,0.4448611242612258,0.4448611242612258,0.0,0.4448611242612258,0.4448611242612258
karate,karate,slpa,Omega,1,0.4314356288181494,0.4314356288181494,0.0,0.4314356288181494,0.4314356288181494
karate,karate,slpa,ONMI,1,0.5383729358319634,0.5383729358319634,0.0,0.5383729358319634,0.5383729358319634
polblogs,polblogs,flpa,VI,1,0.2825308174086083,0.2825308174086083,0.0,0.2825308174086083,0.2825308174086083
polblogs,polblogs,flpa,normalized_VI,1,0.0275504661430311,0.0275504661430311,0.0,0.0275504661430311,0.0275504661430311
polblogs,polblogs,flpa,NMI,1,0.8132937841557557,0.8132937841557557,0.0,0.8132937841557557,0.8132937841557557
polblogs,polblogs,flpa,Omega,1,0.8397586416132145,0.8397586416132145,0.0,0.8397586416132145,0.8397586416132145
polblogs,polblogs,lpa,VI,1,0.2466416778352272,0.2466416778352272,0.0,0.2466416778352272,0.2466416778352272
polblogs,polblogs,lpa,normalized_VI,1,0.0240508035795347,0.0240508035795347,0.0,0.0240508035795347,0.0240508035795347
polblogs,polblogs,lpa,NMI,1,0.8434391428230933,0.8434391428230933,0.0,0.8434391428230933,0.8434391428230933
polblogs,polblogs,lpa,Omega,1,0.85144348113435,0.85144348113435,0.0,0.85144348113435,0.85144348113435
polblogs,polblogs,semi_sync_lpa,VI,1,0.1699620270361348,0.1699620270361348,0.0,0.1699620270361348,0.1699620270361348
polblogs,polblogs,semi_sync_lpa,normalized_VI,1,0.0165735303299246,0.0165735303299246,0.0,0.0165735303299246,0.0165735303299246
polblogs,polblogs,semi_sync_lpa,NMI,1,0.9006995414296537,0.9006995414296537,0.0,0.9006995414296537,0.9006995414296537
polblogs,polblogs,semi_sync_lpa,Omega,1,0.9127247919002568,0.9127247919002568,0.0,0.9127247919002568,0.9127247919002568
polblogs,polblogs,slpa,Omega,1,0.8621125424440311,0.8621125424440311,0.0,0.8621125424440311,0.8621125424440311
polblogs,polblogs,slpa,ONMI,1,0.7361847867540687,0.7361847867540687,0.0,0.7361847867540687,0.7361847867540687
polbooks,polbooks,flpa,VI,1,0.6200415281198769,0.6200415281198769,0.0,0.6200415281198769,0.6200415281198769
polbooks,polbooks,flpa,normalized_VI,1,0.0923471634286325,0.0923471634286325,0.0,0.0923471634286325,0.0923471634286325
polbooks,polbooks,flpa,NMI,1,0.7991372479453475,0.7991372479453475,0.0,0.7991372479453475,0.7991372479453475
polbooks,polbooks,flpa,Omega,1,0.7909885640485589,0.7909885640485589,0.0,0.7909885640485589,0.7909885640485589
polbooks,polbooks,lpa,VI,1,0.4896892659188102,0.4896892659188102,0.0,0.4896892659188102,0.4896892659188102
polbooks,polbooks,lpa,normalized_VI,1,0.072932880489754,0.072932880489754,0.0,0.072932880489754,0.072932880489754
polbooks,polbooks,lpa,NMI,1,0.8679855034020809,0.8679855034020809,0.0,0.8679855034020809,0.8679855034020809
polbooks,polbooks,lpa,Omega,1,0.8587240111811871,0.8587240111811871,0.0,0.8587240111811871,0.8587240111811871
polbooks,polbooks,semi_sync_lpa,VI,1,0.7593663419476118,0.7593663419476118,0.0,0.7593663419476118,0.7593663419476118
polbooks,polbooks,semi_sync_lpa,normalized_VI,1,0.1130977918441636,0.1130977918441636,0.0,0.1130977918441636,0.1130977918441636
polbooks,polbooks,semi_sync_lpa,NMI,1,0.7863393343034256,0.7863393343034256,0.0,0.7863393343034256,0.7863393343034256
polbooks,polbooks,semi_sync_lpa,Omega,1,0.7503037141226439,0.7503037141226439,0.0,0.7503037141226439,0.7503037141226439
polbooks,polbooks,slpa,Omega,1,0.8055011951916509,0.8055011951916509,0.0,0.8055011951916509,0.8055011951916509
polbooks,polbooks,slpa,ONMI,1,0.6176853105629531,0.6176853105629531,0.0,0.6176853105629531,0.6176853105629531
