subset,algorithm,quality_metric,stability_metric,n_graphs,spearman_rho,p_value,confidence_interval_if_implemented
all,flpa,mean_Q,mean_stability_VI,74,0.461671826625387,3.469049040680839e-05,
all,flpa,mean_Q,mean_stability_normalized_VI,74,0.4611455108359134,3.550601841674636e-05,
all,flpa,mean_Q,mean_stability_NMI,74,-0.4493068831936688,5.9289841981884124e-05,
all,flpa,mean_Q,mean_Omega,74,-0.46840919822763905,2.5677696697403712e-05,
all,flpa,std_community_count,mean_Omega,74,-0.9678632796173315,6.628720080048127e-45,
all,flpa,mean_ground_truth_NMI,mean_stability_VI,71,0.4843692144935203,1.8687275083688568e-05,
all,flpa,mean_ground_truth_NMI,mean_stability_normalized_VI,71,0.483769725822093,1.920381719060082e-05,
all,flpa,mean_ground_truth_NMI,mean_stability_NMI,71,-0.4755045006311971,2.7823394666356743e-05,
all,flpa,mean_ground_truth_NMI,mean_Omega,71,-0.492290331415864,1.297116702867925e-05,
all,lpa,mean_Q,mean_stability_VI,74,0.10713062640520542,0.3636134514587542,
all,lpa,mean_Q,mean_stability_normalized_VI,74,0.11085302482095265,0.3470835915741308,
all,lpa,mean_Q,mean_stability_NMI,74,-0.002250339940774454,0.9848182840342788,
all,lpa,mean_Q,mean_Omega,74,-0.10648131706512234,0.3665453948587149,
all,lpa,std_community_count,mean_Omega,74,-0.8076785606088382,3.4899011010400986e-18,
all,lpa,mean_ground_truth_NMI,mean_stability_VI,71,0.13125042175585397,0.27525823691462126,
all,lpa,mean_ground_truth_NMI,mean_stability_normalized_VI,71,0.13104797894594775,0.276005845495161,
all,lpa,mean_ground_truth_NMI,mean_stability_NMI,71,-0.012901925023344472,0.9149569282863016,
all,lpa,mean_ground_truth_NMI,mean_Omega,71,-0.11915704576533846,0.32229861851194924,
all,semi_sync_lpa,mean_Q,mean_stability_VI,74,0.5582967726425867,2.359796321937526e-07,
all,semi_sync_lpa,mean_Q,mean_stability_normalized_VI,74,0.5572750766272012,2.50886586521521e-07,
all,semi_sync_lpa,mean_Q,mean_stability_NMI,74,-0.3190565128157559,0.005593360567004929,
all,semi_sync_lpa,mean_Q,mean_Omega,74,-0.42536855085964737,0.0001581065609556135,
all,semi_sync_lpa,std_community_count,mean_Omega,74,-0.9233877231151202,1.165522718785684e-31,
all,semi_sync_lpa,mean_ground_truth_NMI,mean_stability_VI,71,0.5785311312232619,1.2627929248103177e-07,
all,semi_sync_lpa,mean_ground_truth_NMI,mean_stability_normalized_VI,71,0.5771335071841284,1.3760535833660062e-07,
all,semi_sync_lpa,mean_ground_truth_NMI,mean_stability_NMI,71,-0.33529199705278245,0.004259021339095559,
all,semi_sync_lpa,mean_ground_truth_NMI,mean_Omega,71,-0.43733961479596695,0.00013693882489163717,
all,slpa,mean_EQ,mean_Omega,74,0.9857238059977783,1.8576581172341655e-57,
all,slpa,mean_EQ,mean_ONMI,74,0.9833839318770823,4.212161066583836e-55,
all,slpa,std_community_count,mean_Omega,74,-0.9198815253609773,5.485662728733851e-31,
all,slpa,mean_ground_truth_ONMI,mean_Omega,71,0.9863514419852447,8.514687982314398e-56,
all,slpa,mean_ground_truth_ONMI,mean_ONMI,71,0.9856807511737089,4.407073173994916e-55,
all,hard_algorithms_pooled,mean_Q,mean_stability_VI,222,0.3751575212747857,7.912771630163364e-09,
all,hard_algorithms_pooled,mean_Q,mean_stability_normalized_VI,222,0.37451823174524373,8.426852864939588e-09,
all,hard_algorithms_pooled,mean_Q,mean_stability_NMI,222,-0.2624860825451489,7.541881007735654e-05,
all,hard_algorithms_pooled,mean_Q,mean_Omega,222,-0.33801758243245605,2.461333736642033e-07,
real,flpa,mean_Q,mean_stability_VI,4,0.0,1.0,
real,flpa,mean_Q,mean_stability_normalized_VI,4,0.0,1.0,
real,flpa,mean_Q,mean_stability_NMI,4,0.39999999999999997,0.6,
real,flpa,mean_Q,mean_Omega,4,0.0,1.0,
real,flpa,std_community_count,mean_Omega,4,0.39999999999999997,0.6,
real,lpa,mean_Q,mean_stability_VI,4,0.0,1.0,
real,lpa,mean_Q,mean_stability_normalized_VI,4,0.0,1.0,
real,lpa,mean_Q,mean_stability_NMI,4,0.7999999999999999,0.2000000000000001,
real,lpa,mean_Q,mean_Omega,4,0.39999999999999997,0.6,
real,lpa,std_community_count,mean_Omega,4,-0.7999999999999999,0.2000000000000001,
real,semi_sync_lpa,mean_Q,mean_stability_VI,4,0.0,1.0,
real,semi_sync_lpa,mean_Q,mean_stability_normalized_VI,4,-0.39999999999999997,0.6,
real,semi_sync_lpa,mean_Q,mean_stability_NMI,4,0.39999999999999997,0.6,
real,semi_sync_lpa,mean_Q,mean_Omega,4,0.39999999999999997,0.6,
real,semi_sync_lpa,std_community_count,mean_Omega,4,-0.39999999999999997,0.6,
real,slpa,mean_EQ,mean_Omega,4,0.7999999999999999,0.2000000000000001,
real,slpa,mean_EQ,mean_ONMI,4,0.6000000000000001,0.4,
real,slpa,std_community_count,mean_Omega,4,0.7999999999999999,0.2000000000000001,
real,hard_algorithms_pooled,mean_Q,mean_stability_VI,12,-0.09090909090909093,0.7787253962454419,
real,hard_algorithms_pooled,mean_Q,mean_stability_normalized_VI,12,-0.18881118881118883,0.5567370561768314,
real,hard_algorithms_pooled,mean_Q,mean_stability_NMI,12,0.5244755244755246,0.08001937592027474,
real,hard_algorithms_pooled,mean_Q,mean_Omega,12,0.30069930069930073,0.34225952894002437,
lfr,flpa,mean_Q,mean_stability_VI,70,0.49942836068596724,1.076235242335827e-05,
lfr,flpa,mean_Q,mean_stability_normalized_VI,70,0.49942836068596724,1.076235242335827e-05,
lfr,flpa,mean_Q,mean_stability_NMI,70,-0.49078453611284023,1.6076243540990295e-05,
lfr,flpa,mean_Q,mean_Omega,70,-0.507233148031407,7.420445136663023e-06,
lfr,flpa,std_community_count,mean_Omega,70,-0.986132880930867,8.908253551631583e-55,
lfr,flpa,mean_ground_truth_NMI,mean_stability_VI,70,0.49338004794394247,1.4267530495225318e-05,
lfr,flpa,mean_ground_truth_NMI,mean_stability_normalized_VI,70,0.49338004794394247,1.4267530495225318e-05,
lfr,flpa,mean_ground_truth_NMI,mean_stability_NMI,70,-0.4859163370696769,2.005769409130731e-05,
lfr,flpa,mean_ground_truth_NMI,mean_Omega,70,-0.5012216598190159,9.889053914905743e-06,
lfr,lpa,mean_Q,mean_stability_VI,70,0.13024951136623764,0.28250453234003364,
lfr,lpa,mean_Q,mean_stability_normalized_VI,70,0.13024951136623764,0.28250453234003364,
lfr,lpa,mean_Q,mean_stability_NMI,70,-0.022227718623970466,0.8550770134504725,
lfr,lpa,mean_Q,mean_Omega,70,-0.12569854203610895,0.2998044734296294,
lfr,lpa,std_community_count,mean_Omega,70,-0.8643631541184733,5.548753194724557e-22,
lfr,lpa,mean_ground_truth_NMI,mean_stability_VI,70,0.13588420700463102,0.26201971962076115,
lfr,lpa,mean_ground_truth_NMI,mean_stability_normalized_VI,70,0.13588420700463102,0.26201971962076115,
lfr,lpa,mean_ground_truth_NMI,mean_stability_NMI,70,-0.01736265094735203,0.8865575587678146,
lfr,lpa,mean_ground_truth_NMI,mean_Omega,70,-0.12203211422184577,0.3142339518931824,
lfr,semi_sync_lpa,mean_Q,mean_stability_VI,70,0.5909657209981134,7.209897294131127e-08,
lfr,semi_sync_lpa,mean_Q,mean_stability_normalized_VI,70,0.5909657209981134,7.209897294131127e-08,
lfr,semi_sync_lpa,mean_Q,mean_stability_NMI,70,-0.3462807147445871,0.0033198275352219926,
lfr,semi_sync_lpa,mean_Q,mean_Omega,70,-0.44928398018720406,9.56080031711212e-05,
lfr,semi_sync_lpa,std_community_count,mean_Omega,70,-0.9441234837933739,1.7010415675752285e-34,
lfr,semi_sync_lpa,mean_ground_truth_NMI,mean_stability_VI,70,0.5864450218915743,9.578621170233095e-08,
lfr,semi_sync_lpa,mean_ground_truth_NMI,mean_stability_normalized_VI,70,0.5864450218915743,9.578621170233095e-08,
lfr,semi_sync_lpa,mean_ground_truth_NMI,mean_stability_NMI,70,-0.34214346447057625,0.0037426087355532755,
lfr,semi_sync_lpa,mean_ground_truth_NMI,mean_Omega,70,-0.44525372776510724,0.00011233346021420337,
lfr,slpa,mean_EQ,mean_Omega,70,0.9905870002624442,1.8205018261438607e-60,
lfr,slpa,mean_EQ,mean_ONMI,70,0.9855830635989853,3.311986447286898e-54,
lfr,slpa,std_community_count,mean_Omega,70,-0.9557344064386316,7.480926538372377e-38,
lfr,slpa,mean_ground_truth_ONMI,mean_Omega,70,0.9867728107777096,1.805680298264446e-55,
lfr,slpa,mean_ground_truth_ONMI,mean_ONMI,70,0.986317907444668,5.659036616398075e-55,
lfr,hard_algorithms_pooled,mean_Q,mean_stability_VI,210,0.4054735890107754,1.0276329905570176e-09,
lfr,hard_algorithms_pooled,mean_Q,mean_stability_normalized_VI,210,0.4054735890107754,1.0276329905570176e-09,
lfr,hard_algorithms_pooled,mean_Q,mean_stability_NMI,210,-0.29465181722446937,1.4171176062180472e-05,
lfr,hard_algorithms_pooled,mean_Q,mean_Omega,210,-0.36596116611902074,4.7001082690761256e-08,
