graph_id,dataset,mu_nominal,mu_empirical,instance,algorithm,number_of_runs,number_of_pairs,mean_VI,median_VI,std_VI,mean_normalized_VI,mean_NMI,std_NMI,mean_Omega,std_Omega,mean_ONMI,std_ONMI,degenerate_run_count,degenerate_pair_count,mean_number_of_communities,std_number_of_communities,n_bootstrap,mean_VI_ci_low,mean_VI_ci_high,mean_normalized_VI_ci_low,mean_normalized_VI_ci_high,mean_NMI_ci_low,mean_NMI_ci_high,mean_Omega_ci_low,mean_Omega_ci_high,mean_ONMI_ci_low,mean_ONMI_ci_high
dolphins,dolphins,,,,flpa,30,435,1.0640933458709134,1.0777070429344597,0.3851815618217675,0.17871317813533324,0.692329336416889,0.11881235861922494,0.5858121657005618,0.16784923738681257,,,0,0,4.2,1.3493293353264109,2000,0.9059191004060995,1.1268181024171493,0.15214800674706633,0.18924772440765125,0.6712349570713997,0.7433186456216586,0.5588295920601238,0.6556479146347244,,
dolphins,dolphins,,,,lpa,30,435,1.1003659493734164,1.1142154100069166,0.38769195445081833,0.1848051176031715,0.7468195205949912,0.10640352063472724,0.5879157503745789,0.17091829484114396,,,0,0,6.566666666666666,1.5013403972802926,2000,0.9524100718561165,1.1605422331853832,0.15995610863462334,0.19491165099156374,0.7188146826224546,0.79235784277237,0.5560880391851447,0.6557830776251568,,
dolphins,dolphins,,,,semi_sync_lpa,30,435,1.2018532849406816,1.2146608599373474,0.3661426075082734,0.20184979169129724,0.701101321821262,0.10902651386202612,0.5385484302574697,0.1614471754761546,,,0,0,5.8,1.5402641958779177,2000,1.055484473470453,1.252254092137236,0.17726732852747887,0.2103145457184079,0.6746585923644534,0.7506560560771638,0.5143539353089166,0.598807815578828,,
dolphins,dolphins,,,,slpa,30,435,,,,,,,0.5947377130619615,0.1622669837707523,0.5313564550144421,0.08537229815961601,0,0,9.066666666666666,2.3479019737120455,2000,,,,,,,0.5589726258410883,0.6636387974043036,0.5227332393085873,0.5776124332444865
karate,karate,,,,flpa,30,435,0.7250189087189576,0.730089744298708,0.36935272525579527,0.14251090009745812,0.6733022823812932,0.22185014483059143,0.6584321537532039,0.22989749473527993,,,1,29,2.5,0.6297235299224025,2000,0.575329129193408,0.830389024416645,0.11308763270534476,0.16322262202755697,0.5807431343868332,0.760443563503999,0.5640747917310658,0.7509212389153002,,
karate,karate,,,,lpa,30,435,0.8829728316028973,0.9058370889638219,0.390476665292519,0.17355858099710272,0.6643845106008595,0.17293799712074043,0.6060145836163494,0.22745237599681634,,,0,0,3.2,0.8866830868758714,2000,0.705208044590402,0.9807212048628389,0.1386168443084066,0.19277216079318002,0.614797532513447,0.7432542735087275,0.5339188944147093,0.7129911046945437,,
karate,karate,,,,semi_sync_lpa,30,435,1.1135424161987055,1.1605327031294446,0.44280907193274477,0.21887971488849872,0.568161888544301,0.23241654625090638,0.44486112426122587,0.25824158046078627,,,1,29,3.2666666666666666,0.9802650357071219,2000,0.9399621312706659,1.1988232368437282,0.18476049075960474,0.2356426521926389,0.48198959369402933,0.6666573115018093,0.37328359394564137,0.5521668393149962,,
karate,karate,,,,slpa,30,435,,,,,,,0.4314356288181494,0.35945883346323265,0.5383729358319634,0.1712650202917399,0,0,3.6666666666666665,1.0283342182227606,2000,,,,,,,0.3124966204828274,0.6054088623453358,0.4943646775951483,0.6179194972774592
lfr_mu10_i00,lfr,0.1,0.1127373417721519,0.0,flpa,30,435,0.03978354347057199,0.022716927704603762,0.04788980139264457,0.003992013306148031,0.9953028127107029,0.005634767562040063,0.9905945212213334,0.01194985492717609,,,0,0,20.433333333333334,0.7279320417946064,2000,0.016536025586073026,0.06238902489584359,0.0016592799034916821,0.006260322631291938,0.9926502706324494,0.9980441118774729,0.9848627588966914,0.9963454141422671,,
lfr_mu10_i00,lfr,0.1,0.1127373417721519,0.0,lpa,30,435,0.03494485539189602,0.02588891375420843,0.037165173327058355,0.0035064832223669702,0.9958620052781553,0.004385804496233991,0.9929965922658132,0.008732460855241713,,,0,0,20.466666666666665,0.68144538746106,2000,0.016921835923512013,0.05192811800022909,0.0016979933982271412,0.005210640378815889,0.9938585475603282,0.9979920104692375,0.9889168757554107,0.9972141083344922,,
lfr_mu10_i00,lfr,0.1,0.1127373417721519,0.0,semi_sync_lpa,30,435,0.10438241126070495,0.07491341519964045,0.10863267337810688,0.010474078936401971,0.9874440861122523,0.013109331367308422,0.9582924289821956,0.053588587129419475,,,0,0,20.0,0.7878385971583354,2000,0.05223760970839551,0.15653664813736837,0.005241695808005014,0.01570740883668205,0.9811146303411615,0.9936967374950517,0.9315101154143035,0.9828492053561468,,
lfr_mu10_i00,lfr,0.1,0.1127373417721519,0.0,slpa,30,435,,,,,,,0.9901340586352981,0.010467742590968169,0.9228827634281611,0.02439387239865969,0,0,23.666666666666668,2.022857885020227,2000,,,,,,,0.9852702077045079,0.9951554488553843,0.9139546659039374,0.9369751484789126
lfr_mu10_i01,lfr,0.1,0.1143771245750849,1.0,flpa,30,435,0.017848303060082612,0.0,0.03323618787365618,0.0017909581975953637,0.9979462114567024,0.0038188015023522155,0.9936788085429835,0.013303091634356508,,,0,0,23.133333333333333,0.3457459036417604,2000,0.002795418283262722,0.035497432765585736,0.000280501584563197,0.0035619306771689126,0.9959179132665416,0.9996769368912847,0.9863382824599664,0.9994512568638138,,
lfr_mu10_i01,lfr,0.1,0.1143771245750849,1.0,lpa,30,435,0.02391051162306234,0.0,0.036661206086722714,0.0023992604034046754,0.9972487580456412,0.004210152658570401,0.9930679734238084,0.012986113826470816,,,0,0,23.3,0.7943767889097847,2000,0.0068910883296773055,0.042295142564343996,0.0006914747633342903,0.004244035527583979,0.9951370571550383,0.9992054662576649,0.9865323741836314,0.9986716686740763,,
lfr_mu10_i01,lfr,0.1,0.1143771245750849,1.0,semi_sync_lpa,30,435,0.12739978605497396,0.11777871114351601,0.09633738962442158,0.012783719014573647,0.985071747891772,0.011371957541984367,0.942974589315638,0.054444494004997825,,,0,0,23.1,1.028892943728925,2000,0.08088998635081397,0.16958097954888643,0.00811677074681501,0.017016320512764988,0.9800953307561484,0.9905433195642577,0.9178789048721363,0.9680191963893894,,
lfr_mu10_i01,lfr,0.1,0.1143771245750849,1.0,slpa,30,435,,,,,,,0.9813334667549122,0.017712565044916563,0.920419266394356,0.026398871718098103,0,0,27.233333333333334,2.459090571081433,2000,,,,,,,0.9731288907086615,0.9900133096628202,0.9099934284763235,0.9353917502373446
lfr_mu10_i02,lfr,0.1,0.1164245359160613,2.0,flpa,30,435,0.018613967603417516,0.0,0.03530138561455982,0.0018677875289820872,0.9977025619966187,0.004350433303794955,0.9939867302914822,0.01255935490606954,,,0,0,18.133333333333333,0.3457459036417604,2000,0.001989994190527374,0.03629058557841172,0.0001996826475152677,0.0036415182731042066,0.9955270420698282,0.9997526818670158,0.9877018042034301,0.9997566569639241,,
lfr_mu10_i02,lfr,0.1,0.1164245359160613,2.0,lpa,30,435,0.051487276209628466,0.02984991285791061,0.06198967146160912,0.005166404844711553,0.9936772519532745,0.00755848443865968,0.9878342745486863,0.018275664546855107,,,0,0,18.633333333333333,0.9994251221140299,2000,0.021892640617972914,0.08054283220767826,0.0021967805034338282,0.008081936143414053,0.9901436708886314,0.9972924913122778,0.9788400469199416,0.9963320172857113,,
lfr_mu10_i02,lfr,0.1,0.1164245359160613,2.0,semi_sync_lpa,30,435,0.126422352379524,0.1185393831118775,0.09215841002135616,0.012685640062879472,0.984165817658928,0.011665412793173412,0.9545365640464885,0.037104997571623284,,,0,0,18.266666666666666,1.1121068335350708,2000,0.08034577286484004,0.16887024033478318,0.008062162552374004,0.016945002571918416,0.9787530321587673,0.9898993338404631,0.9373764757582993,0.9723187123139345,,
lfr_mu10_i02,lfr,0.1,0.1164245359160613,2.0,slpa,30,435,,,,,,,0.9876554865508212,0.010387041036645167,0.8787578684606623,0.028385720094046687,0,0,23.7,2.588435821108957,2000,,,,,,,0.9828405264315709,0.9926819769493652,0.8691244208700872,0.8960598551136797
lfr_mu10_i03,lfr,0.1,0.1146909827760891,3.0,flpa,30,435,0.018775788243216365,0.0,0.03674401420628983,0.0018840251511477502,0.997862978797339,0.004212941019542007,0.9920741888213866,0.024237105572677112,,,0,0,23.166666666666668,0.4611330373774141,2000,0.005189413986506031,0.03761244713995061,0.0005207230899521713,0.003774158266483685,0.9957025393474567,0.9994144649105817,0.9800863372345363,0.9993919315088624,,
lfr_mu10_i03,lfr,0.1,0.1146909827760891,3.0,lpa,30,435,0.08164313076188688,0.04373732930498608,0.11473608177252945,0.008192343766414886,0.9908553995357082,0.012812075113328878,0.9748425223158096,0.03945957655786511,,,0,0,23.966666666666665,1.8096167118144553,2000,0.030959408711079828,0.14088666084261092,0.003106570223351927,0.014137036967521317,0.9842639716962,0.9965287941277047,0.9551364125570375,0.992713563042963,,
lfr_mu10_i03,lfr,0.1,0.1146909827760891,3.0,semi_sync_lpa,30,435,0.15896699103465328,0.1539478866086652,0.11236650551736314,0.01595127754062594,0.982171465156346,0.012542209640835574,0.948158467680524,0.04338724650851767,,,0,0,24.066666666666666,1.5959719411009734,2000,0.10243028633922706,0.2048233895785351,0.01027819621751929,0.020552661358902782,0.9770867049982656,0.9885248759679139,0.9289510606510213,0.969361298492828,,
lfr_mu10_i03,lfr,0.1,0.1146909827760891,3.0,slpa,30,435,,,,,,,0.9823213114280698,0.013778334323046502,0.9204592045661635,0.022065759118275657,0,0,27.833333333333332,2.4365511710603167,2000,,,,,,,0.9765288435213103,0.9888771919071208,0.9124641355139954,0.9340567046165593
lfr_mu10_i04,lfr,0.1,0.1135481366459627,4.0,flpa,30,435,0.021583106602464812,0.0,0.02976326819217003,0.002165720828985075,0.9975177343065844,0.003436956662778935,0.9935481606117053,0.012511658081499075,,,0,0,23.133333333333333,0.507416263404925,2000,0.007944195280251363,0.03614646998072722,0.0007971470235892959,0.003627057233855514,0.9958326150993217,0.9990895002700191,0.9875076475227613,0.9988056957084044,,
lfr_mu10_i04,lfr,0.1,0.1135481366459627,4.0,lpa,30,435,0.035222937436123834,0.020689790856718737,0.04709324735362764,0.0035343869012230125,0.9960045236759782,0.005312763193672084,0.990828034902825,0.01573988802701638,,,0,0,23.466666666666665,0.8193072487266861,2000,0.013519646498337633,0.058144311986785685,0.0013566063755910455,0.005834393995089089,0.9934187242439879,0.9984593136448897,0.9831303052336416,0.997660041847452,,
lfr_mu10_i04,lfr,0.1,0.1135481366459627,4.0,semi_sync_lpa,30,435,0.09672423053731241,0.09786141026537187,0.08207725056229026,0.009705631566416358,0.9888239945939179,0.009523578978807568,0.9590733851890334,0.046753703936653734,,,0,0,23.033333333333335,0.8502873077655143,2000,0.05537126534953728,0.1373198320342065,0.005556137256026786,0.013779129480611935,0.9841199581150664,0.9936079809946262,0.9353980151243013,0.980568507796383,,
lfr_mu10_i04,lfr,0.1,0.1135481366459627,4.0,slpa,30,435,,,,,,,0.9862048870622002,0.01657221168033572,0.9307528230797549,0.020772297204512735,0,0,26.833333333333332,1.7827397228816746,2000,,,,,,,0.9781387251307058,0.994097862788453,0.9230671434656388,0.943224862097489
lfr_mu10_i05,lfr,0.1,0.1127207779321294,5.0,flpa,30,435,0.011388301693348358,0.0,0.0200922414537904,0.0011427401364562553,0.998736321813096,0.002225790360956878,0.997188896835081,0.006754791808027133,,,0,0,24.166666666666668,0.37904902178945177,2000,0.0021634276183063387,0.022133183130132173,0.0002170855355193648,0.0022209173405645963,0.9975468363832589,0.9997595522037108,0.993486531697145,0.9995996114294963,,
lfr_mu10_i05,lfr,0.1,0.1127207779321294,5.0,lpa,30,435,0.041577580545736716,0.02138627026400375,0.048912912410945183,0.00417203296380065,0.9953563124214115,0.0054933374214536255,0.9843522874577226,0.027380352652348526,,,0,0,24.366666666666667,0.7648904962570575,2000,0.018156034034907433,0.06458878266354616,0.001821836948934427,0.0064810536550497086,0.9927737953782124,0.9979839618625441,0.9705014553015514,0.9962763893762109,,
lfr_mu10_i05,lfr,0.1,0.1127207779321294,5.0,semi_sync_lpa,30,435,0.11910902021800919,0.10188017896640389,0.09987352252723523,0.011951795946589452,0.9865429362624254,0.011441999056135353,0.953384386031232,0.04631788460214713,,,0,0,23.966666666666665,1.159171325093724,2000,0.06916542587801536,0.1639336020555701,0.0069402892840521235,0.01644964383865636,0.9814218888428868,0.9922466761797105,0.9312909237461469,0.9760066068933962,,
lfr_mu10_i05,lfr,0.1,0.1127207779321294,5.0,slpa,30,435,,,,,,,0.9898316980252148,0.00980049741063544,0.9393999494968077,0.02264664287711403,0,0,27.633333333333333,2.042367343994731,2000,,,,,,,0.9853501039310905,0.9944152631229407,0.9307641441463517,0.9520508753445585
lfr_mu10_i06,lfr,0.1,0.1138783269961977,6.0,flpa,30,435,0.007572979440018616,0.0,0.02033726956047424,0.0007598979893307409,0.9991181047167561,0.0023669669554863596,0.9977876898463359,0.006401346054030715,,,0,0,21.066666666666666,0.2537081317024625,2000,0.0,0.017086264755733178,0.0,0.0017144927351106642,0.9980103781115698,1.0,0.9943244793683883,1.0,,
lfr_mu10_i06,lfr,0.1,0.1138783269961977,6.0,lpa,30,435,0.015617654724850811,0.0,0.030243726045538363,0.0015671275113677986,0.9981838827223185,0.00351055684467954,0.9968865899470634,0.006487669866948644,,,0,0,21.2,0.5508613944197477,2000,0.002528268905810012,0.029797734030082516,0.0002536949259177888,0.002990003915290735,0.9965425346876315,0.9997047469035379,0.9937187883171753,0.9995409167981428,,
lfr_mu10_i06,lfr,0.1,0.1138783269961977,6.0,semi_sync_lpa,30,435,0.05146488853110938,0.0329781376375724,0.06353634167309999,0.00516415839045571,0.9939321012062561,0.007537879677290538,0.9786679973351835,0.03494258090015094,,,0,0,21.166666666666668,0.7466399831028446,2000,0.02232810327871567,0.08434463462817955,0.0022404762777255677,0.008463421665466988,0.9900176935003451,0.9973794958494051,0.9604521637623183,0.9937559073628152,,
lfr_mu10_i06,lfr,0.1,0.1138783269961977,6.0,slpa,30,435,,,,,,,0.9922075506814094,0.009904173261805906,0.9414103705892563,0.025191571120481128,0,0,23.633333333333333,1.884296874869689,2000,,,,,,,0.9874236716185473,0.9968049313894523,0.9311953034121652,0.9555636804256055
lfr_mu10_i07,lfr,0.1,0.1110197368421052,7.0,flpa,30,435,0.023474984553213406,0.0,0.03631458560582099,0.002355558166088619,0.997148756621243,0.0044171316181515295,0.9929465961253527,0.012846877918533664,,,0,0,19.1,0.547722557505166,2000,0.005916546302579976,0.04096814308179888,0.0005936859692704646,0.004110879978091759,0.9950157109722834,0.9992775707043189,0.9867225107394766,0.9987174632234228,,
lfr_mu10_i07,lfr,0.1,0.1110197368421052,7.0,lpa,30,435,0.07285585168016566,0.06486005215408852,0.06015482732311709,0.0073105989051253095,0.9912935453517427,0.007127357496353212,0.9839046022342446,0.016603742247321928,,,0,0,20.166666666666668,1.2340942045675145,2000,0.04392412933316243,0.10048954130355496,0.0044074934875686774,0.01008345539429487,0.988032856763125,0.9947340446362019,0.9761852244330084,0.9917942923456148,,
lfr_mu10_i07,lfr,0.1,0.1110197368421052,7.0,semi_sync_lpa,30,435,0.07915795880644372,0.07362347591600571,0.0689219300830937,0.007942973332091121,0.9904410141320124,0.00835292381590049,0.9757678749362887,0.02496574824186369,,,0,0,19.466666666666665,0.7760791522613609,2000,0.045011972283143374,0.11130960550174585,0.004516651273740631,0.011169176687183337,0.9865629700048263,0.9945737207912396,0.9639615437717325,0.9879095878649322,,
lfr_mu10_i07,lfr,0.1,0.1110197368421052,7.0,slpa,30,435,,,,,,,0.9798469645848964,0.017298793146621836,0.9085474891584859,0.025521697599343595,0,0,23.6,2.328237456784083,2000,,,,,,,0.9725240549875305,0.9882823522341447,0.8997970892391398,0.9243600489674414
lfr_mu10_i08,lfr,0.1,0.1142741772663032,8.0,flpa,30,435,0.01538958344325113,0.0,0.020367893535158443,0.0015442420790641217,0.998365566679847,0.0021608696961018113,0.9965406046365384,0.005307558791151143,,,0,0,27.266666666666666,0.5208304597621879,2000,0.005456618472544035,0.024861385348440006,0.0005475352783766436,0.0024946742412138203,0.997361091120701,0.9994204798297958,0.9939828358739877,0.9989468695402266,,
lfr_mu10_i08,lfr,0.1,0.1142741772663032,8.0,lpa,30,435,0.049988510568028235,0.04783311825653591,0.03999501860865934,0.0050160137065141394,0.9947141333129513,0.004212291690890995,0.9893757002293084,0.010606285959388447,,,0,0,28.033333333333335,1.188546876720022,2000,0.029955200307795204,0.06765569394855052,0.0030058046062564256,0.006788797751991934,0.9928553692718128,0.9968263715561531,0.9845740216072948,0.9943409978639972,,
lfr_mu10_i08,lfr,0.1,0.1142741772663032,8.0,semi_sync_lpa,30,435,0.12095931115069328,0.1074431591850491,0.077056927997303,0.012137460303737115,0.9870514982544584,0.00831208286979989,0.954819113990655,0.03488651944974117,,,0,0,27.6,1.4994251772159106,2000,0.08387885612782665,0.1562832212634876,0.00841668389881979,0.015681979139766895,0.9832192948115035,0.9910348372868855,0.9389137098047768,0.9715665967037288,,
lfr_mu10_i08,lfr,0.1,0.1142741772663032,8.0,slpa,30,435,,,,,,,0.984464936976602,0.01751843378863615,0.9402663840590407,0.01774163340972423,0,0,31.3,1.9145540580979452,2000,,,,,,,0.9758884652186238,0.9917791229348237,0.9343613191318781,0.9509341681481486
lfr_mu10_i09,lfr,0.1,0.1123037169548797,9.0,flpa,30,435,0.0157025114098214,0.0,0.026334572494417684,0.0015756423138707173,0.9981321381886978,0.0031251902588175797,0.996872050104292,0.006375847959315968,,,0,0,20.233333333333334,0.5040069329937309,2000,0.004496349058062601,0.029167335497882894,0.00045117864581744357,0.002926747626152524,0.9965348813907846,0.9994627747966774,0.9936676458716056,0.9994993447046585,,
lfr_mu10_i09,lfr,0.1,0.1123037169548797,9.0,lpa,30,435,0.018089884822840324,8.881784197001252e-16,0.03364291824477415,0.001815199316593847,0.9978530544718616,0.003983325334505226,0.995334268996757,0.010984945541052312,,,0,0,20.233333333333334,0.5683207771559353,2000,0.0030953830002731133,0.034645162592505864,0.00031060104371685883,0.0034764110483333217,0.9958917639244915,0.9996301584230243,0.9895264025660406,0.9996701976519626,,
lfr_mu10_i09,lfr,0.1,0.1123037169548797,9.0,semi_sync_lpa,30,435,0.09640028954152417,0.06982894450823185,0.08798803195138075,0.00967312624756385,0.9884640172506843,0.010606573350896228,0.9719597435396863,0.03388606918612725,,,0,0,20.633333333333333,1.4499306364701428,2000,0.053463790565388226,0.13769959913711605,0.005364734880692939,0.013817236577059333,0.9835238442991711,0.9936315204121308,0.9543877411618336,0.9873934093186789,,
lfr_mu10_i09,lfr,0.1,0.1123037169548797,9.0,slpa,30,435,,,,,,,0.9795061484407962,0.026416462801449263,0.9103373133838392,0.025954769327545354,0,0,24.6,2.3133793761359236,2000,,,,,,,0.9660713170152979,0.991465618026867,0.9012267471340566,0.9259451134999692
lfr_mu20_i00,lfr,0.2,0.2436180904522613,0.0,flpa,30,435,0.022175955206018807,0.0,0.03544799172244664,0.002225209233170827,0.9973777477131199,0.00419323044766482,0.9943921074697342,0.010464654033944799,,,0,0,21.1,0.607425318241987,2000,0.005690841575228589,0.03896190212812529,0.0005710380049051553,0.003909567076230006,0.9954026942501987,0.9993194463737582,0.9892909000994512,0.9988304839130208,,
lfr_mu20_i00,lfr,0.2,0.2436180904522613,0.0,lpa,30,435,0.22014788739212537,0.19774703290684492,0.1471239237826534,0.02209037252902871,0.9744921227965775,0.016847977738386498,0.9371344480749748,0.0550126182008145,,,0,0,23.166666666666668,2.62722264960066,2000,0.14452094384800282,0.2874687371813015,0.014501713033306251,0.028845570902405783,0.9668406484528458,0.9831730816789097,0.9112363444437922,0.9642026025472774,,
lfr_mu20_i00,lfr,0.2,0.2436180904522613,0.0,semi_sync_lpa,30,435,0.4070832026139156,0.35705633390014846,0.25222390142830836,0.040848084905915544,0.9494254982433075,0.03387665322956306,0.8386460596217289,0.12132607694577391,,,0,0,20.566666666666666,1.8879533405494835,2000,0.2845677302653328,0.5183317750145326,0.028554474202627363,0.05201113732837615,0.9340797375558446,0.9654213663578354,0.7834931905510187,0.8946363480782196,,
lfr_mu20_i00,lfr,0.2,0.2436180904522613,0.0,slpa,30,435,,,,,,,0.9449344441696087,0.04127762600357069,0.8374147481626959,0.032382296533523765,0,0,29.666666666666668,3.9245762638245054,2000,,,,,,,0.925762611417649,0.963680490292843,0.8276712097527625,0.8586926947499363
lfr_mu20_i01,lfr,0.2,0.2460658082975679,1.0,flpa,30,435,0.07195551333749706,0.06221944712499905,0.060742235645740626,0.007220255955995429,0.9922798643817536,0.006500073325255437,0.9766886306914643,0.023604799702953514,,,0,0,27.666666666666668,0.802295557085754,2000,0.04104969957191676,0.099972291164596,0.0041190636280472774,0.0100315527919322,0.9892913611924388,0.9955945470169503,0.9654519559901799,0.9883671172098936,,
lfr_mu20_i01,lfr,0.2,0.2460658082975679,1.0,lpa,30,435,0.11824536571081559,0.09699815546576929,0.10917772908202919,0.011865133975737562,0.9874835177215187,0.011433816723938483,0.9664568682039324,0.03211905040364885,,,0,0,28.833333333333332,2.5472545509089657,2000,0.06623342543713073,0.16784201634652302,0.006646082590716696,0.016841827151009226,0.9823093427206405,0.9929406468973702,0.9529914085217753,0.9820294772325654,,
lfr_mu20_i01,lfr,0.2,0.2460658082975679,1.0,semi_sync_lpa,30,435,0.3937727003201543,0.3719685515090223,0.1597191580352814,0.03951246475665675,0.9565444290440385,0.018017934725313066,0.8549797427990015,0.06649444392127819,,,0,0,26.533333333333335,1.8519948859193063,2000,0.30344206931080814,0.4613287518743666,0.03044838826963402,0.04629126405880348,0.9488648879904988,0.9667099521464483,0.8272206933288195,0.890743285461431,,
lfr_mu20_i01,lfr,0.2,0.2460658082975679,1.0,slpa,30,435,,,,,,,0.9573967468544223,0.022436651593535296,0.8791992800198891,0.03039732069697004,0,0,35.1,3.1111590034627907,2000,,,,,,,0.9487424490589907,0.9692945967424949,0.8690700569879349,0.897829605888468
lfr_mu20_i02,lfr,0.2,0.2440318302387268,2.0,flpa,30,435,0.11254315601490357,0.11114365954138883,0.11826764234818947,0.011292955255725727,0.9859899791279254,0.014687957198958199,0.9569630164550564,0.04424917376520234,,,0,0,18.333333333333332,1.0613372610104645,2000,0.05376628313293319,0.16661284334054016,0.005395087992791754,0.016718487836122127,0.9793005116236824,0.9933617047593823,0.9372150320420068,0.9798446265160196,,
lfr_mu20_i02,lfr,0.2,0.2440318302387268,2.0,lpa,30,435,0.4067221010209313,0.37764128069070013,0.27812315072267124,0.04081185076892542,0.9515857567990768,0.032078606970632445,0.9085847385973902,0.06036663420399952,,,0,0,22.133333333333333,5.48184044939687,2000,0.26551919296398974,0.5330471886567789,0.026643080502217868,0.05348773096334917,0.9372767915332155,0.9680907223448381,0.8821847854249186,0.9378245291740737,,
lfr_mu20_i02,lfr,0.2,0.2440318302387268,2.0,semi_sync_lpa,30,435,0.6777277607509556,0.6382175449478664,0.3063521778330663,0.06800546162673994,0.9107296928703895,0.04388071238098522,0.7388139947464066,0.1303522141013951,,,0,0,18.166666666666668,3.1413080224572094,2000,0.5070938231040126,0.8014461658695256,0.050883483790077524,0.08041977861220587,0.8922468849995892,0.9343319133870441,0.6845419386336161,0.8086562822537364,,
lfr_mu20_i02,lfr,0.2,0.2440318302387268,2.0,slpa,30,435,,,,,,,0.8194816210169853,0.06301350893154317,0.6477971003570743,0.04254850528918219,0,0,36.266666666666666,4.448427334140284,2000,,,,,,,0.798812938753616,0.8535537485045845,0.6417380428619779,0.6806925099936553
lfr_mu20_i03,lfr,0.2,0.247526836455483,3.0,flpa,30,435,0.10007707875670176,0.04136032217171692,0.10955947093313385,0.010042067528064613,0.9881985996279443,0.012815352414925785,0.9645899864593838,0.0443433523991245,,,0,0,21.5,1.042212500669477,2000,0.04986259938994011,0.1529525856406906,0.005003379359382835,0.015347772064070607,0.9820589255600222,0.9940848995281207,0.9438864908808167,0.9860247702805404,,
lfr_mu20_i03,lfr,0.2,0.247526836455483,3.0,lpa,30,435,0.11985803769787232,0.0838001572785263,0.13064979526186113,0.012026954856161266,0.986102061980181,0.014767490812953346,0.9744266958631449,0.03433391671269024,,,0,0,22.566666666666666,2.238893404823222,2000,0.0667890196492048,0.18306429779006925,0.0067018327651338925,0.018369281589991435,0.9789950981603442,0.9921425624581642,0.9573759202342209,0.9885047565424004,,
lfr_mu20_i03,lfr,0.2,0.247526836455483,3.0,semi_sync_lpa,30,435,0.6764737161888024,0.619860393548409,0.38590172733574263,0.06787962661703746,0.9162539759742211,0.04874983410401214,0.7438777448725118,0.14055111005668203,,,0,0,21.333333333333332,2.454177765718516,2000,0.46760661956591115,0.850626054649698,0.046921206220125064,0.08535465251428936,0.8942699079686603,0.9425228004257933,0.6848197412773956,0.8195302251103145,,
lfr_mu20_i03,lfr,0.2,0.247526836455483,3.0,slpa,30,435,,,,,,,0.8561617474534345,0.08671334447809852,0.7366925668741409,0.052392084047235485,0,0,35.266666666666666,5.381535054260065,2000,,,,,,,0.8174195971865849,0.9015114923938613,0.720667101978054,0.7709687616885038
lfr_mu20_i04,lfr,0.2,0.2450704225352112,4.0,flpa,30,435,0.10192902130857677,0.06725417946461487,0.10081217768149472,0.010227897614184902,0.9880258351018163,0.011857986179746951,0.9630697549383749,0.04516068719676791,,,0,0,21.533333333333335,0.9732042112432566,2000,0.052392813545278784,0.14878183984414614,0.005257269478119682,0.014929265534387481,0.9824831685992196,0.9938684030096989,0.9414345980015746,0.9845381050426595,,
lfr_mu20_i04,lfr,0.2,0.2450704225352112,4.0,lpa,30,435,0.12884674254643957,0.12016203564502259,0.09734971669172555,0.012928911450024269,0.9849740145709951,0.011301809177921982,0.9657053007282164,0.03155663242788422,,,0,0,22.533333333333335,1.1957780134587124,2000,0.07961415379630016,0.17488240221548038,0.007988749457363924,0.017548282926877556,0.9796712696629931,0.9906982557050054,0.9512503146145582,0.9809665891548796,,
lfr_mu20_i04,lfr,0.2,0.2450704225352112,4.0,semi_sync_lpa,30,435,0.49788249414173974,0.48224896696706043,0.22019127669285962,0.04995918835088668,0.9396792910213045,0.026938503933935844,0.8182343622344393,0.08053467041959056,,,0,0,21.266666666666666,2.3625429510174625,2000,0.38041407225308516,0.5955020974462186,0.03817201550695455,0.05975466460404231,0.927983197408946,0.9540038709150459,0.7845937958681805,0.8612283026957451,,
lfr_mu20_i04,lfr,0.2,0.2450704225352112,4.0,slpa,30,435,,,,,,,0.9524106531433317,0.03240485143682411,0.8350348286901856,0.03313074277142937,0,0,30.0,3.4839533628455417,2000,,,,,,,0.9382291921220297,0.9686602891465897,0.8247272725961844,0.8570498218057527
lfr_mu20_i05,lfr,0.2,0.2443742597710225,5.0,flpa,30,435,0.07999689157280057,0.07166896603120243,0.07527250438398303,0.008027154641097376,0.9905625966548723,0.008910515984638854,0.9714959615899841,0.03363260688817288,,,0,0,21.266666666666666,0.6396838299494919,2000,0.04241732391781308,0.11495114738652792,0.004256295611685654,0.011534581133112053,0.986451920131066,0.9950108037418127,0.9539678932121877,0.987083884814433,,
lfr_mu20_i05,lfr,0.2,0.2443742597710225,5.0,lpa,30,435,0.08599566494023157,0.06995877453171317,0.08320667345529517,0.008629091548026364,0.9897931401652843,0.009945954275810987,0.965597522127359,0.04451219362172632,,,0,0,21.3,0.7943767889097847,2000,0.045507580382217375,0.1224457086779563,0.0045663822417123905,0.012286610384132764,0.9854246479212413,0.9946076570085035,0.9444909449337667,0.9859562230572864,,
lfr_mu20_i05,lfr,0.2,0.2443742597710225,5.0,semi_sync_lpa,30,435,0.4655382090751114,0.4422735996621574,0.22770880462073212,0.04671365501976612,0.9429980993433538,0.028432347193923038,0.8133159959402856,0.09000079093190107,,,0,0,20.5,1.717054414417017,2000,0.34445633000797415,0.5629131328268376,0.03456389584291044,0.056484579311353665,0.9308116823877062,0.9580450109376728,0.7787590490708667,0.8615457314033335,,
lfr_mu20_i05,lfr,0.2,0.2443742597710225,5.0,slpa,30,435,,,,,,,0.9436698289423274,0.049739973104810556,0.8615958147845,0.040004061806330087,0,0,27.466666666666665,3.1811224795479123,2000,,,,,,,0.9194759500604263,0.9668663526058655,0.8476301844469294,0.885393279322209
lfr_mu20_i06,lfr,0.2,0.2478224802986312,6.0,flpa,30,435,0.07113618571884045,0.06385423925959444,0.0725953371589768,0.007138041892831568,0.991883438649071,0.008304229009695704,0.9769326758467322,0.030556069242914,,,0,0,23.533333333333335,0.9371024061116425,2000,0.036626136370282086,0.10675468902763371,0.0036751885575781336,0.010712121191699415,0.9878314337267261,0.995820832429232,0.9609531224071,0.9899871635875862,,
lfr_mu20_i06,lfr,0.2,0.2478224802986312,6.0,lpa,30,435,0.10209326535876694,0.07399091727697371,0.10236233852350882,0.010244378409423762,0.9884905919752721,0.011380340020236869,0.9788008284959022,0.020702345908772114,,,0,0,24.666666666666668,2.5908770094624174,2000,0.055834203347198616,0.15173093974430144,0.005602589997169682,0.015225188044439618,0.9829625108955635,0.9936597201742866,0.969476022650419,0.9889733985813259,,
lfr_mu20_i06,lfr,0.2,0.2478224802986312,6.0,semi_sync_lpa,30,435,0.42384284127034155,0.4013452247133573,0.20723386010924943,0.04252980288994013,0.9503538681039702,0.024869756231707184,0.8565447810764182,0.0742875627331851,,,0,0,23.4,1.9404940714620362,2000,0.3144583668414798,0.5076443929674728,0.0315538002689311,0.05093872980461423,0.9400606846176365,0.96342443483618,0.8265539530225529,0.8961239493154058,,
lfr_mu20_i06,lfr,0.2,0.2478224802986312,6.0,slpa,30,435,,,,,,,0.9371835346200595,0.03803102079286926,0.825936334656418,0.0300782981817072,0,0,33.766666666666666,3.4708970651377156,2000,,,,,,,0.9191662912207241,0.9560154473878241,0.8182364851019466,0.8471260579985495
lfr_mu20_i07,lfr,0.2,0.2413030363965413,7.0,flpa,30,435,0.1328389625842531,0.10665389459995822,0.09922507800325696,0.013329504110248492,0.9848115985493462,0.011413755138516108,0.9565378403029025,0.04534109932020687,,,0,0,23.766666666666666,1.165105688067746,2000,0.08496562538709856,0.1762913068691539,0.008525733947288578,0.01768965711413966,0.9798426280772558,0.99031729363779,0.9354826324805865,0.9773778915740934,,
lfr_mu20_i07,lfr,0.2,0.2413030363965413,7.0,lpa,30,435,0.18467032017182083,0.16688852144753774,0.11370482725992681,0.01853043522686308,0.97935055756744,0.012518919121540776,0.9563449326046629,0.03286859926597503,,,0,0,25.633333333333333,2.760351468542558,2000,0.12416485401618958,0.233559527584268,0.012459115155370801,0.023436141191991236,0.9740042346087517,0.9860491312744227,0.9425150536708203,0.9728861550578217,,
lfr_mu20_i07,lfr,0.2,0.2413030363965413,7.0,semi_sync_lpa,30,435,0.5684304592850025,0.5142607819823457,0.28714288507566316,0.057038206231279705,0.9330224913003142,0.03507605413526145,0.7901055977506186,0.13241748674454645,,,0,0,23.933333333333334,2.211776214491083,2000,0.4145431174506668,0.6811193109199722,0.04159663761623582,0.06834578107096437,0.9187972046032998,0.9515898416966763,0.7345264056337247,0.8587826126888243,,
lfr_mu20_i07,lfr,0.2,0.2413030363965413,7.0,slpa,30,435,,,,,,,0.9094880278363234,0.0468081872264213,0.8119973946068488,0.03981748339090957,0,0,33.63333333333333,3.917100734078655,2000,,,,,,,0.8894500590602779,0.9333664987613397,0.7990244662851879,0.8372780392129647
lfr_mu20_i08,lfr,0.2,0.243824061056437,8.0,flpa,30,435,0.08735355356903561,0.08103375383763645,0.0690053648579287,0.00876534661737338,0.9897716285788359,0.00813834216146373,0.9654129714962052,0.03832062148237196,,,0,0,22.233333333333334,0.8976341829703133,2000,0.052639891935218466,0.11882422087378251,0.005282062147003752,0.011923218231470233,0.9860769562472265,0.9938634431316056,0.9465913270981869,0.9833556210326813,,
lfr_mu20_i08,lfr,0.2,0.243824061056437,8.0,lpa,30,435,0.16959777462343048,0.1308570237632436,0.17190416812096734,0.017018005786504045,0.9807072870324668,0.01917279351332705,0.958252942160339,0.041779283465265014,,,0,0,24.0,4.008611420085686,2000,0.08744893590415735,0.24876536642995556,0.008774917598682753,0.024961945725919404,0.9718925317057959,0.9898902490700859,0.9398949974507534,0.9788675511365881,,
lfr_mu20_i08,lfr,0.2,0.243824061056437,8.0,semi_sync_lpa,30,435,0.5198102089383249,0.4791212770444009,0.3066923495112733,0.05215948831426571,0.9365013248542657,0.039768352029934895,0.7955473446463377,0.142995465946064,,,0,0,21.966666666666665,2.311639712610843,2000,0.3581064299365904,0.6538538011313388,0.035933592350351866,0.06560986897314819,0.9185811431018727,0.9573004132920945,0.732666622414409,0.8676100307441441,,
lfr_mu20_i08,lfr,0.2,0.243824061056437,8.0,slpa,30,435,,,,,,,0.9308840392554986,0.0390370863405191,0.8100898586519103,0.03468480967914248,0,0,32.3,3.385058447007255,2000,,,,,,,0.9139671047187192,0.9512210816311291,0.8006016338319986,0.8329709067502316
lfr_mu20_i09,lfr,0.2,0.2430623892934461,9.0,flpa,30,435,0.06439065115480562,0.05995190125581784,0.08355534826875262,0.006461172479310687,0.9916947429992942,0.010995882519919167,0.9750509448693143,0.042915104221130124,,,0,0,16.233333333333334,0.6260623155792925,2000,0.026377700856750327,0.10606393661928333,0.0026468263915111145,0.01064280879353588,0.9861731529816112,0.9966445663460152,0.9526483895079448,0.9919128944836435,,
lfr_mu20_i09,lfr,0.2,0.2430623892934461,9.0,lpa,30,435,0.10387532084306704,0.09786512567730332,0.09037511731091302,0.010423195794327707,0.9868342610238188,0.011360245378206905,0.9701451616349266,0.0293447072421553,,,0,0,16.766666666666666,1.3817363722139078,2000,0.060637647446754234,0.14445522183442777,0.006084583582656816,0.014495118267485745,0.9817750326563832,0.9922595493295916,0.9564062463978154,0.9838979828294585,,
lfr_mu20_i09,lfr,0.2,0.2430623892934461,9.0,semi_sync_lpa,30,435,0.459783975432007,0.45388999167031896,0.1872709215109667,0.04613625604355502,0.9379835775051519,0.026139314938333442,0.807560779790665,0.08003356654046798,,,0,0,15.3,1.4656997857914036,2000,0.36150993747974103,0.5313860742068465,0.03627511163733752,0.05332104920479567,0.9277539471341204,0.9515677928770132,0.7774746703898837,0.8485298684571085,,
lfr_mu20_i09,lfr,0.2,0.2430623892934461,9.0,slpa,30,435,,,,,,,0.9684433742745385,0.020960967272655555,0.8182586784512546,0.04525998096929377,0,0,23.533333333333335,3.2772289949067446,2000,,,,,,,0.9582581364475669,0.9787206207103752,0.8023015289821531,0.8464491039853151
lfr_mu30_i00,lfr,0.3,0.3322753421940091,0.0,flpa,30,435,0.19635963556100033,0.18464505769675643,0.11904365261096886,0.019703380080502955,0.9765564828160876,0.014460075097004522,0.9186754432897811,0.06440107228905856,,,0,0,21.3,1.3429252681597996,2000,0.13844589893309228,0.24675328693447782,0.013892122785174916,0.02476004696531966,0.9704506355855133,0.9835306385248384,0.8905727059125333,0.9495182642574375,,
lfr_mu30_i00,lfr,0.3,0.3322753421940091,0.0,lpa,30,435,0.38046896298519467,0.37413096999532947,0.16970872434002318,0.03817752342590419,0.9559969384264098,0.019507149321148658,0.9002168214182349,0.05455884785595812,,,0,0,24.966666666666665,2.9882913274095726,2000,0.28847384930599124,0.44749165358591664,0.02894642720191817,0.04490280351287876,0.9482841951634751,0.9666386881012444,0.8783924244253305,0.9289476355247506,,
lfr_mu30_i00,lfr,0.3,0.3322753421940091,0.0,semi_sync_lpa,30,435,1.083408543850246,0.974037312892146,0.505897943281526,0.10871282308585326,0.85228168973353,0.09102762873786639,0.5933636765363184,0.18396548847377542,,,0,0,19.633333333333333,3.428916922931761,2000,0.8169729691362583,1.2876971531903367,0.08197778978555921,0.12921182281380267,0.8118623727265267,0.8961250760799108,0.5190061764408775,0.6914533181254491,,
lfr_mu30_i00,lfr,0.3,0.3322753421940091,0.0,slpa,30,435,,,,,,,0.8356789345528022,0.06587040298587678,0.746201215192184,0.03757689142902499,0,0,32.96666666666667,3.8280573387170875,2000,,,,,,,0.8111118969145291,0.8724570106322574,0.7379037497758654,0.7747769208221158
lfr_mu30_i01,lfr,0.3,0.3299603174603174,1.0,flpa,30,435,0.181410937434862,0.15124735356478425,0.14493872650647643,0.018203377903138425,0.9784219080874486,0.017557166738998348,0.919787111202424,0.07939487061037692,,,0,0,21.833333333333332,0.8742813140471172,2000,0.10606582633727353,0.24417590625673857,0.010642998414135345,0.024501424000571564,0.9708294757680045,0.9875475549228669,0.8830043897469045,0.9585966687012983,,
lfr_mu30_i01,lfr,0.3,0.3299603174603174,1.0,lpa,30,435,0.4049288215941484,0.378919882656926,0.26898582978295027,0.04063190713623583,0.9534783835586127,0.03036184978789154,0.8793997032965162,0.09584370838338692,,,0,0,24.866666666666667,4.811862735833779,2000,0.2684866567550369,0.5254840753404716,0.02694084570626852,0.052728822973744434,0.9399653808089461,0.9689113178669941,0.8348616348046775,0.9256016217018258,,
lfr_mu30_i01,lfr,0.3,0.3299603174603174,1.0,semi_sync_lpa,30,435,1.2375724718886283,1.1891285101577753,0.5443681955595706,0.12418214528216542,0.8266646586337758,0.09466889043302971,0.5120667419523386,0.19501630854439608,,,0,0,19.166666666666668,3.0522273758720835,2000,0.960571729123844,1.4379919696028225,0.0963869678176979,0.14429290545812581,0.7869781180669335,0.8736109470397806,0.4495745603859801,0.6166072263280159,,
lfr_mu30_i01,lfr,0.3,0.3299603174603174,1.0,slpa,30,435,,,,,,,0.8350621959769102,0.09258427915486207,0.7499501280260227,0.059705810370726205,0,0,32.63333333333333,3.2851109605291122,2000,,,,,,,0.797667228153593,0.8825364417587899,0.7309798391083493,0.7861106659113944
lfr_mu30_i02,lfr,0.3,0.3296960249415432,2.0,flpa,30,435,0.18848919378074383,0.1697483193650351,0.11045985989434777,0.018913633728841545,0.9787109468158719,0.012651234499282358,0.9349644456649361,0.048410680356128694,,,0,0,24.666666666666668,1.2410599844719314,2000,0.13305267987123037,0.2371379811731228,0.013350949214905854,0.02379521514810347,0.9731124513031132,0.985055931294838,0.9132244239606724,0.958970351431715,,
lfr_mu30_i02,lfr,0.3,0.3296960249415432,2.0,lpa,30,435,0.31627607531943985,0.3033234186059941,0.16529119193961012,0.03173619519401066,0.9650966843553764,0.018017264332134297,0.9233012702159249,0.050234589799547584,,,0,0,27.466666666666665,3.224190177215137,2000,0.22706313261397645,0.3825361970427138,0.022784271275411768,0.038384956579028,0.9579268096035053,0.9749172992235882,0.9029455367054812,0.9485299673549916,,
lfr_mu30_i02,lfr,0.3,0.3296960249415432,2.0,semi_sync_lpa,30,435,1.2878098106389706,1.2075702728680877,0.5740396193233246,0.1292231272375606,0.8316180477459509,0.09609622915432747,0.5298584525401728,0.20854984881951918,,,0,0,22.766666666666666,3.766305546721398,2000,0.9825917693321646,1.5065479213251245,0.09859653202050839,0.151172038074694,0.7901387256667982,0.8792386694095378,0.45425179233285673,0.641820899793764,,
lfr_mu30_i02,lfr,0.3,0.3296960249415432,2.0,slpa,30,435,,,,,,,0.8355938952243699,0.08031031801746229,0.7870369311109837,0.0506443692014282,0,0,35.0,4.510524092187835,2000,,,,,,,0.8012694998855996,0.8797578584677536,0.7703598167468468,0.819201034897841
lfr_mu30_i03,lfr,0.3,0.3331367924528302,3.0,flpa,30,435,0.21866485807295405,0.12889660832759553,0.24016720231828695,0.021941560425855478,0.9740703066515022,0.029569060679699697,0.890758940691779,0.1444682742508251,,,0,0,22.866666666666667,1.0416609195243756,2000,0.11174769327654596,0.3395278911185846,0.011213135874166178,0.03406935986374274,0.9591155682734824,0.9871565595906809,0.8205902464201065,0.9550558244870083,,
lfr_mu30_i03,lfr,0.3,0.3331367924528302,3.0,lpa,30,435,0.32242835517288876,0.25985157054551156,0.2521915894880828,0.0323535354532131,0.9631335286825917,0.02984968587169855,0.8841858215651697,0.1239732083650258,,,0,0,25.5,2.1774708517784633,2000,0.20345386991989461,0.4408264550237889,0.020415239193268687,0.04423399528145979,0.9488711448352088,0.9769687381929766,0.8229529952585622,0.9358204469331162,,
lfr_mu30_i03,lfr,0.3,0.3331367924528302,3.0,semi_sync_lpa,30,435,1.1101044568962983,1.1238441519838496,0.37330331312207027,0.11139157994868627,0.8594896376678416,0.0529515064424801,0.5922078778739452,0.14781785692424432,,,0,0,21.833333333333332,3.006697504747937,2000,0.8874632493657543,1.2457358429687742,0.08905101936950523,0.12500128513578537,0.838946815230193,0.8897598820474476,0.5365410790890082,0.6767181342641189,,
lfr_mu30_i03,lfr,0.3,0.3331367924528302,3.0,slpa,30,435,,,,,,,0.8422078745918349,0.059703393014710414,0.7635189705185879,0.02903464384292813,0,0,35.666666666666664,3.230600812417932,2000,,,,,,,0.8199295109370078,0.8756237370739175,0.7586149650035303,0.7863575952847822
lfr_mu30_i04,lfr,0.3,0.3313765182186234,4.0,flpa,30,435,0.36394959843662295,0.3313654672370969,0.20590492756812662,0.036519915346428095,0.958445030514294,0.023918647186375725,0.8650070265700851,0.08537892523145783,,,0,0,24.333333333333332,1.688364508227912,2000,0.25531537484638733,0.44628284201419266,0.025619195394318568,0.04478150733214722,0.9489445275655167,0.9710326022875152,0.8300328687069105,0.9083980126931328,,
lfr_mu30_i04,lfr,0.3,0.3313765182186234,4.0,lpa,30,435,0.5671320235746817,0.5040202496739603,0.304973294006134,0.056907916865863786,0.9380853033532457,0.03226878616842747,0.856542466093012,0.09050556086312748,,,0,0,30.733333333333334,7.14834600272767,2000,0.40931608552457915,0.692859928519377,0.041072139816887274,0.06952387375931147,0.9252373077111306,0.954834735182896,0.8160514795804823,0.9024128383017926,,
lfr_mu30_i04,lfr,0.3,0.3313765182186234,4.0,semi_sync_lpa,30,435,1.6061984712843127,1.5663069159703493,0.4850258749364293,0.16117130628206994,0.7878029553062887,0.08933079413526919,0.45557058988417043,0.15686456252331762,,,0,0,22.133333333333333,3.892816844973026,2000,1.3369201502688508,1.77891654332551,0.1341510223461738,0.17850241310795426,0.7494926638768414,0.8332843892509914,0.40294850404533705,0.5439584131837824,,
lfr_mu30_i04,lfr,0.3,0.3313765182186234,4.0,slpa,30,435,,,,,,,0.7421545086914079,0.06828179421897303,0.68255339264966,0.033680829630882904,0,0,41.833333333333336,3.8870548494070483,2000,,,,,,,0.7209645902937991,0.782597767440624,0.6783462060854778,0.7101310124858875
lfr_mu30_i05,lfr,0.3,0.3335996803835397,5.0,flpa,30,435,0.18146205373446503,0.12440277340630068,0.15821623942933216,0.018208507082954378,0.9796137030321539,0.017967388813505316,0.9346022791636706,0.07516055957979412,,,0,0,24.466666666666665,1.224275530553741,2000,0.10254750905458769,0.25654829061045564,0.010289958735351535,0.02574291027002241,0.9711103162083227,0.9885668339977542,0.898156819409367,0.9685245496918662,,
lfr_mu30_i05,lfr,0.3,0.3335996803835397,5.0,lpa,30,435,0.27625070243658373,0.24555356835775477,0.15073683908897462,0.027719915918885518,0.9693498936548558,0.016589294802128052,0.918344986757447,0.05889932943736346,,,0,0,26.6,3.440128305546276,2000,0.19994790835897067,0.34060863192031743,0.02006343932877435,0.034177804996695905,0.962270821060758,0.9777706949462557,0.8932706954173979,0.9465216089559964,,
lfr_mu30_i05,lfr,0.3,0.3335996803835397,5.0,semi_sync_lpa,30,435,1.0087875068089869,0.9457827908931868,0.40345521873150086,0.10122509960019592,0.8770734787373173,0.05498308997288173,0.6278879849204169,0.14110533281723897,,,0,0,23.1,3.6516411048487076,2000,0.7948381438076927,1.1665647130328298,0.07975670766133221,0.1170569901686754,0.8548374021674106,0.9056034780109584,0.5761298517556266,0.7036623399457019,,
lfr_mu30_i05,lfr,0.3,0.3335996803835397,5.0,slpa,30,435,,,,,,,0.8656776374350138,0.04833938580105888,0.7754312213870652,0.03601045609156142,0,0,36.93333333333333,4.03376553208241,2000,,,,,,,0.8484184176259222,0.8913387990322688,0.7652541868089429,0.8006838681275084
lfr_mu30_i06,lfr,0.3,0.3325879243748729,6.0,flpa,30,435,0.29855698174738876,0.27350759274754655,0.1647104895076221,0.029958202306955915,0.9666489103785815,0.01870281693412139,0.8927611283456929,0.08510513109192146,,,0,0,25.833333333333332,1.4641305136221772,2000,0.21241467926282534,0.3695243178154495,0.021314396659151424,0.03707930126324011,0.9586161350597028,0.9764492377603817,0.8545532153799158,0.9339127723458037,,
lfr_mu30_i06,lfr,0.3,0.3325879243748729,6.0,lpa,30,435,0.40870333672571857,0.37698198390946924,0.2041288509312655,0.04101065456079924,0.9552191216664816,0.02199429226908996,0.8970200456694332,0.054358533813844215,,,0,0,28.566666666666666,3.6453402786470344,2000,0.30067509548995214,0.48504022051310514,0.030170740897202477,0.048670551825972165,0.9469282185212021,0.9668600790544579,0.8759025541047344,0.9257566058287878,,
lfr_mu30_i06,lfr,0.3,0.3325879243748729,6.0,semi_sync_lpa,30,435,1.4466805874518873,1.4478226588641956,0.39345201971780525,0.1451647503226025,0.8206799126257277,0.05629749430243863,0.5015165185606725,0.13898444484251876,,,0,0,24.033333333333335,3.242852440988179,2000,1.2093587859841788,1.5782960174441574,0.12135109003367163,0.15837148109589785,0.7992499967542048,0.85377006924883,0.45847667357229865,0.5846983231748413,,
lfr_mu30_i06,lfr,0.3,0.3325879243748729,6.0,slpa,30,435,,,,,,,0.7789241699327781,0.10741399194715087,0.7274008388081487,0.03615450383687018,0,0,38.733333333333334,3.8945880516370432,2000,,,,,,,0.7347470932310758,0.8337916440612321,0.7205099358600581,0.7540231165211038
lfr_mu30_i07,lfr,0.3,0.3336596827883297,7.0,flpa,30,435,0.36506134272809226,0.3584429221650298,0.1911212490884824,0.03663147147284159,0.9568393816290762,0.02284580118246746,0.852434272925574,0.08739883049568757,,,0,0,23.6,1.5668989800855393,2000,0.26429160943074115,0.4357776883296148,0.026519900680320868,0.04372738520944123,0.9484426350577998,0.9688037544691097,0.8200226115056564,0.8965624306156822,,
lfr_mu30_i07,lfr,0.3,0.3336596827883297,7.0,lpa,30,435,0.5409008515549186,0.5045126498939227,0.27506164685533513,0.05427579366607363,0.9361650195711281,0.03444139266290448,0.8036629326422584,0.15069536770082567,,,0,0,27.166666666666668,3.9311605142127872,2000,0.4052959667313599,0.647139003281219,0.04066874770259011,0.06493608378391283,0.9224098433899599,0.9531763402725563,0.7441737879501014,0.8718305927987382,,
lfr_mu30_i07,lfr,0.3,0.3336596827883297,7.0,semi_sync_lpa,30,435,1.4466110827799117,1.4134698710111633,0.5242237328365438,0.14515777599223464,0.7996447436630848,0.09110961428489675,0.4814797437709242,0.18543284074389083,,,0,0,20.966666666666665,3.662327631187701,2000,1.1600628206139667,1.6125125018714914,0.11640456861978941,0.16180487714883018,0.764935238530204,0.8478874623949116,0.4268902763817273,0.5858250128765118,,
lfr_mu30_i07,lfr,0.3,0.3336596827883297,7.0,slpa,30,435,,,,,,,0.744050622522047,0.1224699674560633,0.730066594912938,0.04721704689639189,0,0,35.46666666666667,4.360744426588537,2000,,,,,,,0.7003836931023367,0.809898745538208,0.7163106365892427,0.762268624377576
lfr_mu30_i08,lfr,0.3,0.3337301587301587,8.0,flpa,30,435,0.32994745999818176,0.3201876128853778,0.1797912208191978,0.03310802748419809,0.9601414716664469,0.02240074096952845,0.8662716652374038,0.08881722770269679,,,0,0,21.033333333333335,1.5196036990935664,2000,0.23213029557164344,0.40314403191151066,0.023292727289803496,0.04045281539276066,0.9508786377651932,0.9722741393179452,0.8304464987561854,0.9134561261417884,,
lfr_mu30_i08,lfr,0.3,0.3337301587301587,8.0,lpa,30,435,0.6526037505504503,0.6008411345088103,0.2842135924639678,0.0654844347328333,0.9236192299339461,0.03498902078813959,0.8065361057407053,0.12069286344692412,,,0,0,26.166666666666668,4.086000770784383,2000,0.5012412029856019,0.771169749795889,0.050296212387121474,0.07738174214574997,0.9086422764982283,0.9418684867615973,0.7540443297414601,0.8669157123175407,,
lfr_mu30_i08,lfr,0.3,0.3337301587301587,8.0,semi_sync_lpa,30,435,1.3593008517652003,1.2757109975293957,0.5196434285524892,0.13639677650430806,0.8091433833206162,0.08986396665783526,0.5039574526308401,0.18433122276800387,,,0,0,18.666666666666668,3.7722519875362597,2000,1.0829622519762578,1.5423567173200403,0.1086680406722227,0.15476521197572135,0.7749929865858399,0.8554573877961917,0.4436802311736858,0.6068200471539597,,
lfr_mu30_i08,lfr,0.3,0.3337301587301587,8.0,slpa,30,435,,,,,,,0.7368057054238643,0.10163154241325578,0.6822415943605349,0.05094708588656895,0,0,36.0,3.850660489694794,2000,,,,,,,0.7008243788505292,0.7967737867457348,0.6704985487072382,0.7194954052599775
lfr_mu30_i09,lfr,0.3,0.33,9.0,flpa,30,435,0.23952543438130966,0.2060023523333303,0.14675814201276777,0.02403478015773962,0.971408025936277,0.01790016064767458,0.9107891903966332,0.06675828983141933,,,0,0,21.5,1.3833991121322422,2000,0.16276707402646087,0.30423081586527717,0.016332590529474805,0.030527533726924617,0.9633744674596924,0.9806748941067754,0.8805948165637508,0.9446110224014643,,
lfr_mu30_i09,lfr,0.3,0.33,9.0,lpa,30,435,0.3878869371954618,0.3198779126012239,0.2554581394774544,0.038921867674021615,0.954789033321939,0.029321975735574376,0.8867457116460319,0.07918587856083661,,,0,0,23.966666666666665,2.5795392977246436,2000,0.2639002563631705,0.5040728079564063,0.026480631009576244,0.05058034506448259,0.9413561377228024,0.9691134633412527,0.8530080679953699,0.9272980388556777,,
lfr_mu30_i09,lfr,0.3,0.33,9.0,semi_sync_lpa,30,435,1.5155315427415441,1.4484958863516222,0.405545006884867,0.15207348458003792,0.7886416581280121,0.07563300100296613,0.47034801750276634,0.15359423127051827,,,0,0,19.466666666666665,2.7883171705668923,2000,1.2919385567755448,1.6321366948517266,0.12963741938142406,0.16377403405807994,0.7610488012252871,0.8292732308455547,0.42369459912006313,0.5567131732762306,,
lfr_mu30_i09,lfr,0.3,0.33,9.0,slpa,30,435,,,,,,,0.8118250204681602,0.07790362876126611,0.7330333304240794,0.03881489821038989,0,0,35.1,4.794752879180928,2000,,,,,,,0.7833801085390121,0.8538000325255011,0.7247070925858825,0.7615033111820924
lfr_mu40_i00,lfr,0.4,0.4361702127659574,0.0,flpa,30,435,2.1484924392331792,1.8481858220696932,0.9983358395676424,0.21558688988882008,0.5382869613623146,0.352900664155281,0.28947539709207804,0.23874768345110636,,,5,135,14.633333333333333,7.00484233169841,2000,1.7471065732004685,2.308279014943587,0.17531049471835,0.2316204072865756,0.4380778156790269,0.6905719599260676,0.2653840398841201,0.3847746726064397,,
lfr_mu40_i00,lfr,0.4,0.4361702127659574,0.0,lpa,30,435,2.0249238305966504,2.0043239107454505,0.5532856945633254,0.20318760398146732,0.6808970590755326,0.07938561285302598,0.3101405849298836,0.14940857817563855,,,0,0,21.0,11.444016656811511,2000,1.7623251788631935,2.1497435705577352,0.17683758031723734,0.2157124325745555,0.6651080120095868,0.7183492177722252,0.3013952693852211,0.36706487940102756,,
lfr_mu40_i00,lfr,0.4,0.4361702127659574,0.0,semi_sync_lpa,30,435,1.7983917757541972,1.7147720144145076,0.8664344032308592,0.18045662281914177,0.35343504870447523,0.1937640868213433,0.19051627340855676,0.18219407445161173,,,0,0,7.833333333333333,5.119828481322487,2000,1.3523932650784165,2.104674860531153,0.13570364624085104,0.21119008804659442,0.3203203379210567,0.43666471243704724,0.17207951695422838,0.2716671850319877,,
lfr_mu40_i00,lfr,0.4,0.4361702127659574,0.0,slpa,30,435,,,,,,,0.33814684310824283,0.09681292050378522,0.4275241512114977,0.03682301218909136,0,0,42.06666666666667,6.892941583834939,2000,,,,,,,0.327171730434983,0.4025544671192334,0.4300640052467763,0.46846426402077834
lfr_mu40_i01,lfr,0.4,0.4347569376107065,1.0,flpa,30,435,1.7483742902601216,1.4224561758643857,0.9401968888107781,0.17543770167200687,0.7098059311461595,0.2735165375192663,0.4376919138732202,0.23485221884512295,,,1,29,19.5,5.538268122175329,2000,1.295632805498452,2.0765644194869624,0.1300081126071036,0.20836939273137933,0.586933757014161,0.8343085573726365,0.35448261333886655,0.5620749471750546,,
lfr_mu40_i01,lfr,0.4,0.4347569376107065,1.0,lpa,30,435,1.6376442683125263,1.5111954501678522,0.6360961614756336,0.16432668232975445,0.7822165514059396,0.15707804237226855,0.5329273925952281,0.18614707790370344,,,0,0,27.133333333333333,7.500498067753089,2000,1.344754707317916,1.9105842889311184,0.1349371679043435,0.19171439340420174,0.7062378604760727,0.8416976932040467,0.4630100449565645,0.6323760909073777,,
lfr_mu40_i01,lfr,0.4,0.4347569376107065,1.0,semi_sync_lpa,30,435,2.317972877475495,2.3983767193906114,0.5723853498501564,0.23259312175189142,0.4706859375810218,0.11350966567293402,0.19459344680407403,0.12442365715236313,,,0,0,11.866666666666667,4.717782451996681,2000,1.994734276144008,2.4341880217128624,0.20015828349947512,0.24425453654051263,0.4516265890340129,0.5328287381430212,0.19175016931056116,0.26162463703446504,,
lfr_mu40_i01,lfr,0.4,0.4347569376107065,1.0,slpa,30,435,,,,,,,0.39007343920006554,0.08017987986218957,0.4770090561534885,0.028045644813533548,0,0,42.266666666666666,5.2518196080408455,2000,,,,,,,0.3817324580358261,0.44580710757449277,0.4823405518733828,0.5103516665648365
lfr_mu40_i02,lfr,0.4,0.4346116027531956,2.0,flpa,30,435,1.5372417392296096,1.4128319576159862,0.7114125992334805,0.15425195803159344,0.7670058539063788,0.2105170166347626,0.46009175409255226,0.17876962923962283,,,1,29,19.2,3.9339372222959423,2000,1.2077069242281797,1.8556618819188844,0.12118533672125631,0.18620329608928565,0.6644679177794842,0.8450992210032751,0.3988424582711432,0.5525790547942222,,
lfr_mu40_i02,lfr,0.4,0.4346116027531956,2.0,lpa,30,435,1.7711918458514804,1.6537204846663194,0.5451149221142408,0.17772729122558334,0.765803855369213,0.11798256046405324,0.4703758634000865,0.2049596667925631,,,0,0,27.166666666666668,9.195513648751103,2000,1.487011850295122,1.946649562225764,0.14921172361554302,0.19533330309203756,0.7133817529674883,0.819925284179699,0.4067618495119828,0.580286933792509,,
lfr_mu40_i02,lfr,0.4,0.4346116027531956,2.0,semi_sync_lpa,30,435,2.3742801653646426,2.4463168316822257,0.7419944685590851,0.23824318262826502,0.43993222108337177,0.1492399190766206,0.19456421581005393,0.14168866785538486,,,0,0,11.433333333333334,5.975140069536002,2000,1.9736063411124947,2.556609562557731,0.19803823610250001,0.25653872184374893,0.4114787763675504,0.5157838312880567,0.18845580061562475,0.2666377708853522,,
lfr_mu40_i02,lfr,0.4,0.4346116027531956,2.0,slpa,30,435,,,,,,,0.4304416187785925,0.08192254268280953,0.5193110890290636,0.038785666987690086,0,0,39.233333333333334,5.48781303927375,2000,,,,,,,0.4206971321522899,0.48469627664180365,0.5184920278413591,0.5555468758547668
lfr_mu40_i03,lfr,0.4,0.4315645192872528,3.0,flpa,30,435,2.0577907283842656,1.5572903858299325,1.1576134960031557,0.20648557801429873,0.5456390665485352,0.3816687112778048,0.33688010332841667,0.27373232658269886,,,5,135,14.0,6.690188389698393,2000,1.5936032347762417,2.252946156149952,0.1599074582849328,0.2260681238723344,0.43194273824774804,0.7141157539384564,0.28324028153180264,0.45813928549308375,,
lfr_mu40_i03,lfr,0.4,0.4315645192872528,3.0,lpa,30,435,2.00941670677323,1.9606637002679927,0.5238511257513568,0.20163156750902558,0.6773695014049322,0.15219756467009157,0.3430553191180308,0.15873452736968743,,,0,0,19.033333333333335,7.23250961992439,2000,1.735510795620647,2.1449609026832293,0.17414693576015863,0.21523252374471386,0.6125982378399007,0.7498072181596431,0.30766268233910005,0.4262459431216267,,
lfr_mu40_i03,lfr,0.4,0.4315645192872528,3.0,semi_sync_lpa,30,435,1.844675633938244,1.7954906990295645,0.8540147239099103,0.18510089936196045,0.3108089137338328,0.1894524118808603,0.16127358034306202,0.1579518889647419,,,2,57,7.4,4.583328108669958,2000,1.4025894725812031,2.1430156642346954,0.14074050094982174,0.2150373320374714,0.2658676017286572,0.41169965038949297,0.14794831201604022,0.2455058374228107,,
lfr_mu40_i03,lfr,0.4,0.4315645192872528,3.0,slpa,30,435,,,,,,,0.3451663161913744,0.12313132260083359,0.4830495228421987,0.037295903484984363,0,0,37.0,7.158308411234097,2000,,,,,,,0.3217265164768761,0.4174013029769734,0.48324822166869447,0.5204061985927186
lfr_mu40_i04,lfr,0.4,0.436330718165359,4.0,flpa,30,435,1.0363067897617548,1.011078408212251,0.3788868818653391,0.1039864761428451,0.8791467093970431,0.048438490923479835,0.6176413933878657,0.14096652183645458,,,0,0,25.333333333333332,2.6565901573949673,2000,0.829339534057717,1.181756526348893,0.08321869211378757,0.11858138733422957,0.8591924423999696,0.9049477389601924,0.5658870397387761,0.6923907249165554,,
lfr_mu40_i04,lfr,0.4,0.436330718165359,4.0,lpa,30,435,1.7699997555002371,1.7955383300860683,0.35543140970953585,0.17760767290782806,0.8060436726982729,0.04237831084045026,0.5002030159145205,0.13240903082301608,,,0,0,38.733333333333334,9.787160249384213,2000,1.5463269302075089,1.8448211365998135,0.1551635963651546,0.18511549958382084,0.7960618553963409,0.83112565223885,0.46488760561458886,0.5725748549399271,,
lfr_mu40_i04,lfr,0.4,0.436330718165359,4.0,semi_sync_lpa,30,435,2.618457966803481,2.6968346266491676,0.6343658698942896,0.26274479679772295,0.45493611178930154,0.1653007902535485,0.16956865606830707,0.1151701191498051,,,0,0,14.8,7.322144023675598,2000,2.2970750870764958,2.7047229004646,0.2304961678341589,0.27140090766637637,0.4044236304335196,0.5439027638056956,0.16660423936108953,0.23529188727410633,,
lfr_mu40_i04,lfr,0.4,0.436330718165359,4.0,slpa,30,435,,,,,,,0.47817056060219437,0.08885251337840103,0.5299827867104302,0.03016232668533721,0,0,47.233333333333334,6.229425906649566,2000,,,,,,,0.4586723496879545,0.534970507149837,0.5312750665744366,0.5611413262651538
lfr_mu40_i05,lfr,0.4,0.4358407079646018,5.0,flpa,30,435,0.969492614178827,0.9630894028464354,0.3240092057861997,0.09728211914750472,0.8876259678331123,0.041638700245495965,0.6458683831591503,0.14327764847487306,,,0,0,25.233333333333334,2.5418338931232083,2000,0.7804927002345075,1.0835377474980392,0.07831723805578758,0.1087257878103649,0.8720461362937062,0.9108657923705346,0.5953434549483554,0.7221764308917977,,
lfr_mu40_i05,lfr,0.4,0.4358407079646018,5.0,lpa,30,435,1.8399332597836389,1.859126476067737,0.34340047464507467,0.1846250337382279,0.7900560049931742,0.038465031692885725,0.4457654289000868,0.1200406108791066,,,0,0,33.1,8.09576304682547,2000,1.63754341231976,1.9237513535587485,0.16431656210339946,0.19303562054012266,0.7818198714795415,0.8119949671026686,0.4253797516730179,0.5088802891172851,,
lfr_mu40_i05,lfr,0.4,0.4358407079646018,5.0,semi_sync_lpa,30,435,2.484051480544165,2.5707028443791455,0.7478012732701315,0.24925800213910532,0.4090256884557003,0.16189769192898157,0.15691800750626184,0.12514791020077723,,,0,0,13.1,8.330873200083055,2000,2.122759073207937,2.6278913876796715,0.213004718201154,0.26369137767954165,0.37225472863784426,0.4952553976243823,0.15832039446824084,0.21886545236464638,,
lfr_mu40_i05,lfr,0.4,0.4358407079646018,5.0,slpa,30,435,,,,,,,0.4351186700332935,0.09762253382611147,0.5415138152914456,0.032723281943137075,0,0,46.1,5.108140899414958,2000,,,,,,,0.4164735923552664,0.4970642245858569,0.5411406271278266,0.5740109206967982
lfr_mu40_i06,lfr,0.4,0.4368093228852722,6.0,flpa,30,435,2.0785095563579916,1.4984522158677582,1.2778853834806008,0.2085645742459966,0.5857633301619067,0.3811791862760418,0.3967294355501051,0.2974641554677248,,,5,135,15.666666666666666,7.009025380294266,2000,1.4914852083192667,2.356089138422035,0.1496605952644136,0.23641783437437952,0.47508402382660714,0.761486487863627,0.32622480925906255,0.5359643775807794,,
lfr_mu40_i06,lfr,0.4,0.4368093228852722,6.0,lpa,30,435,2.1746468545665847,2.1373128952833484,0.49627513911634213,0.21821131106695646,0.6893718060407713,0.10643083218127887,0.34703122556907595,0.1766953330247096,,,0,0,22.433333333333334,9.23891071849749,2000,1.9048363359315474,2.2841675773752237,0.19113762464868916,0.22920098530435667,0.6508156140142687,0.7484931615450443,0.3062635815894239,0.4449941912988956,,
lfr_mu40_i06,lfr,0.4,0.4368093228852722,6.0,semi_sync_lpa,30,435,1.799456283930329,1.6469517580883668,1.1428994435932707,0.18056343911635692,0.21877167112298265,0.23384533047726405,0.122248458351868,0.2196630132877136,,,5,135,6.066666666666666,5.400723663728225,2000,1.1790336019025354,2.196994968622312,0.11830816002280281,0.220453795292721,0.20218250554077952,0.303109375495409,0.11602275603421615,0.20961523869499654,,
lfr_mu40_i06,lfr,0.4,0.4368093228852722,6.0,slpa,30,435,,,,,,,0.3462310949332131,0.12193197226156435,0.4747015458129632,0.04075449612101666,0,0,40.0,5.5646668580768885,2000,,,,,,,0.3279802531000216,0.41883871632085123,0.473786787705784,0.5144192116757929
lfr_mu40_i07,lfr,0.4,0.4370971095861926,7.0,flpa,30,435,2.484906869121272,2.4971815832703186,1.2438595565556108,0.24934383467899118,0.3851477112432189,0.3924270937437203,0.24722137430748597,0.3186119450763284,,,10,245,11.666666666666666,8.790015234121723,2000,2.163277916778077,2.5415254482667766,0.21707051396923022,0.2550251315572152,0.34269386776305544,0.4945881019615986,0.22423193957453252,0.3377540307943037,,
lfr_mu40_i07,lfr,0.4,0.4370971095861926,7.0,lpa,30,435,2.0959846780016984,2.0969547234171007,0.6456441930790766,0.21031808617687414,0.604393904512583,0.11086494330528143,0.282956046207339,0.1526327950196658,,,0,0,16.766666666666666,9.943576451341748,2000,1.7693064978329862,2.2402760772715227,0.1775381091236392,0.2247967659423891,0.5784651516309703,0.6583365038388103,0.2748380451806557,0.35061071285240264,,
lfr_mu40_i07,lfr,0.4,0.4370971095861926,7.0,semi_sync_lpa,30,435,1.0546352329246065,0.7372171609031227,0.8002330373359171,0.10582561319812535,0.26440695640807066,0.27321037633817924,0.2107925355898023,0.27582585674299803,,,6,159,4.233333333333333,3.276702856408466,2000,0.670623658136267,1.4105172743271446,0.06729261230030789,0.14153600299155694,0.23601599327766207,0.3611140789119393,0.17937529208162606,0.31300331548393806,,
lfr_mu40_i07,lfr,0.4,0.4370971095861926,7.0,slpa,30,435,,,,,,,0.299575657866319,0.08105744338341359,0.3992346689417663,0.029042519433970876,0,0,52.6,9.929405996749043,2000,,,,,,,0.2993767866938145,0.3536815941198404,0.4056603663964567,0.43701878068025485
lfr_mu40_i08,lfr,0.4,0.4363925940672905,8.0,flpa,30,435,1.690428976992352,1.467128839933645,0.7944684000038731,0.1696232758714253,0.7075861295563326,0.2545690317804955,0.4210344324303118,0.20487130870291226,,,1,29,17.3,4.662025606817351,2000,1.3033193248797619,1.9883410638618082,0.1307794035724459,0.199516767277612,0.5862483099092137,0.8224741932576561,0.3474942167931339,0.5255748580025026,,
lfr_mu40_i08,lfr,0.4,0.4363925940672905,8.0,lpa,30,435,1.9255531783282491,1.9319729028438113,0.4949956617557454,0.1932164216409727,0.6983384929811413,0.08763565802510288,0.34292125162026754,0.1633971151281682,,,0,0,19.566666666666666,6.986111015896956,2000,1.7071975907404242,2.0036598161229326,0.17130589444604966,0.2010539019198599,0.6809129600625762,0.7425623821673232,0.33131006091064225,0.4153648544799432,,
lfr_mu40_i08,lfr,0.4,0.4363925940672905,8.0,semi_sync_lpa,30,435,1.7500977327863783,1.7828485627020563,0.8047751963064818,0.17561063763740895,0.3197012501104693,0.20684439300969043,0.16603169896446676,0.1663886527859506,,,2,57,7.733333333333333,4.704607670500627,2000,1.3377961223289265,2.000355726660148,0.1342389203013225,0.20072235857430806,0.27076407261136354,0.4198488351833622,0.14827531556163606,0.24991988653330327,,
lfr_mu40_i08,lfr,0.4,0.4363925940672905,8.0,slpa,30,435,,,,,,,0.3573536269538404,0.1322854798182954,0.46653907599239214,0.04590315559765477,0,0,39.733333333333334,5.705008890157981,2000,,,,,,,0.33012204548269897,0.4347553929300245,0.46335188452408604,0.5081192639201161
lfr_mu40_i09,lfr,0.4,0.4353492160456119,9.0,flpa,30,435,1.911714287962808,1.5796881680110006,0.9719185535828676,0.19182778127207167,0.6562322080557813,0.3170411448355963,0.411820409366166,0.23430052657641573,,,3,84,17.9,6.17196106989309,2000,1.4445634941652743,2.2429879081644293,0.144952314128306,0.22506888008970014,0.5237583888288563,0.8096558947448007,0.3469665115250772,0.5253040927710273,,
lfr_mu40_i09,lfr,0.4,0.4353492160456119,9.0,lpa,30,435,1.9536950412620067,2.0120670796224958,0.39904768721689027,0.19604026993328116,0.7373201446050545,0.06266110183194092,0.40775871843865585,0.16987323345632718,,,0,0,25.466666666666665,8.601256256815182,2000,1.7615780287021967,2.000841329439762,0.1767626087806623,0.2007710855751887,0.7240990004575314,0.7699482811831837,0.3868328799002175,0.4847565001171668,,
lfr_mu40_i09,lfr,0.4,0.4353492160456119,9.0,semi_sync_lpa,30,435,1.9038648297983753,1.761922457066261,0.8632950971381328,0.19104014048633705,0.3221242467996708,0.18649739253931788,0.16484871614282096,0.1660865670567381,,,1,29,8.166666666666666,5.5465636042591235,2000,1.4529549946564404,2.2219839307819274,0.1457943452471293,0.22296127101623983,0.2748985747577651,0.4202739315608249,0.14318421356549504,0.25026802109425517,,
lfr_mu40_i09,lfr,0.4,0.4353492160456119,9.0,slpa,30,435,,,,,,,0.33987778386080336,0.10716417042059766,0.44895518868655493,0.03301001087989305,0,0,45.4,7.299503998265202,2000,,,,,,,0.3159606797348498,0.41079830319422356,0.4526739334080724,0.486326480914316
lfr_mu50_i00,lfr,0.5,0.5124113475177305,0.0,flpa,30,435,0.22611899680857106,0.0,0.8470339771569099,0.02268953354294264,0.9333333333333333,0.24973103811470743,0.9333333333333333,0.24973103811470743,,,29,435,1.5333333333333334,2.9211869733608853,2000,0.0,0.6315737497066984,0.0,0.06337421437856394,0.8137931034482758,1.0,0.8137931034482758,1.0,,
lfr_mu50_i00,lfr,0.5,0.5124113475177305,0.0,lpa,30,435,0.6360786590587612,0.0,1.125561151037033,0.06382625199280327,0.7529322614124445,0.4279154099279747,0.7490746823460317,0.43212402232509844,,,26,429,2.466666666666667,3.99770048845612,2000,0.13010219571599793,1.1418892320763203,0.013054887804087097,0.1145809701935605,0.5670660378795463,0.9333333333333333,0.5528762434698388,0.9333333333333333,,
lfr_mu50_i00,lfr,0.5,0.5124113475177305,0.0,semi_sync_lpa,30,435,0.20358894201508285,0.0,0.5629222552907284,0.02042879277734497,0.8691438824033292,0.33738693825673954,0.8690581908594744,0.33759311612347787,,,28,434,1.3,1.4656997857914038,2000,0.0,0.5099248799229611,0.0,0.05116756146405503,0.6999207656843428,1.0,0.6994066164212138,1.0,,
lfr_mu50_i00,lfr,0.5,0.5124113475177305,0.0,slpa,30,435,,,,,,,0.12363699960963566,0.12485705363441077,0.3155968021305401,0.037018511763280984,0,0,37.1,9.876303929625943,2000,,,,,,,0.12469148705655171,0.19535961975877333,0.3219997277113893,0.3584003736911751
lfr_mu50_i01,lfr,0.5,0.5132900177200236,1.0,flpa,30,435,0.2290870865011328,0.0,0.8581523389590251,0.0229873615520367,0.9333333333333333,0.24973103811470745,0.9333333333333333,0.24973103811470745,,,29,435,1.4666666666666666,2.556038601690775,2000,0.0,0.6398639312617846,0.0,0.06420607881775767,0.8137931034482758,1.0,0.8137931034482758,1.0,,
lfr_mu50_i01,lfr,0.5,0.5132900177200236,1.0,lpa,30,435,0.8603705659145452,0.0,1.794962924466616,0.08633244924222419,0.8107736604836919,0.38998622992911736,0.8086899468848391,0.3921357359291932,,,27,432,6.133333333333334,17.565116946190063,2000,0.0,1.7093500555515533,0.0,0.17152187993697005,0.6568877453830434,1.0,0.648552890987632,1.0,,
lfr_mu50_i01,lfr,0.5,0.5132900177200236,1.0,semi_sync_lpa,30,435,0.0,0.0,0.0,0.0,1.0,0.0,1.0,0.0,,,30,435,1.0,0.0,2000,0.0,0.0,0.0,0.0,1.0,1.0,1.0,1.0,,
lfr_mu50_i01,lfr,0.5,0.5132900177200236,1.0,slpa,30,435,,,,,,,0.09249781157193387,0.08785767803959292,0.2597155770983351,0.04330422115811515,0,0,43.733333333333334,11.758880234436274,2000,,,,,,,0.09867304149321562,0.1571688589650904,0.2656911400576916,0.30816784585528745
lfr_mu50_i02,lfr,0.5,0.5126221498371335,2.0,flpa,30,435,0.0,0.0,0.0,0.0,1.0,0.0,1.0,0.0,,,30,435,1.0,0.0,2000,0.0,0.0,0.0,0.0,1.0,1.0,1.0,1.0,,
lfr_mu50_i02,lfr,0.5,0.5126221498371335,2.0,lpa,30,435,0.0,0.0,0.0,0.0,1.0,0.0,1.0,0.0,,,30,435,1.0,0.0,2000,0.0,0.0,0.0,0.0,1.0,1.0,1.0,1.0,,
lfr_mu50_i02,lfr,0.5,0.5126221498371335,2.0,semi_sync_lpa,30,435,0.0,0.0,0.0,0.0,1.0,0.0,1.0,0.0,,,30,435,1.0,0.0,2000,0.0,0.0,0.0,0.0,1.0,1.0,1.0,1.0,,
lfr_mu50_i02,lfr,0.5,0.5126221498371335,2.0,slpa,30,435,,,,,,,0.119853397591859,0.09646213044710436,0.2837316796936806,0.03356055761783734,0,0,49.8,10.337077556727197,2000,,,,,,,0.11698903971645568,0.1889903286338247,0.291583555645199,0.3279089019564913
lfr_mu50_i03,lfr,0.5,0.5132083081266384,3.0,flpa,30,435,0.0,0.0,0.0,0.0,1.0,0.0,1.0,0.0,,,30,435,1.0,0.0,2000,0.0,0.0,0.0,0.0,1.0,1.0,1.0,1.0,,
lfr_mu50_i03,lfr,0.5,0.5132083081266384,3.0,lpa,30,435,0.0,0.0,0.0,0.0,1.0,0.0,1.0,0.0,,,30,435,1.0,0.0,2000,0.0,0.0,0.0,0.0,1.0,1.0,1.0,1.0,,
lfr_mu50_i03,lfr,0.5,0.5132083081266384,3.0,semi_sync_lpa,30,435,0.0,0.0,0.0,0.0,1.0,0.0,1.0,0.0,,,30,435,1.0,0.0,2000,0.0,0.0,0.0,0.0,1.0,1.0,1.0,1.0,,
lfr_mu50_i03,lfr,0.5,0.5132083081266384,3.0,slpa,30,435,,,,,,,0.07401885000337118,0.08178587157126438,0.27650758998924174,0.039707163020362195,0,0,49.36666666666667,14.43053117127216,2000,,,,,,,0.08149823766621123,0.1369337778988497,0.2812392116460317,0.32177902022185245
lfr_mu50_i04,lfr,0.5,0.5134430176565008,4.0,flpa,30,435,0.0,0.0,0.0,0.0,1.0,0.0,1.0,0.0,,,30,435,1.0,0.0,2000,0.0,0.0,0.0,0.0,1.0,1.0,1.0,1.0,,
lfr_mu50_i04,lfr,0.5,0.5134430176565008,4.0,lpa,30,435,0.0,0.0,0.0,0.0,1.0,0.0,1.0,0.0,,,30,435,1.0,0.0,2000,0.0,0.0,0.0,0.0,1.0,1.0,1.0,1.0,,
lfr_mu50_i04,lfr,0.5,0.5134430176565008,4.0,semi_sync_lpa,30,435,0.09317952084987641,0.0,0.34904727709306005,0.009349943585803381,0.9333333333333333,0.2497310381147074,0.9333333333333333,0.2497310381147074,,,29,435,1.1333333333333333,0.7302967433402213,2000,0.0,0.2602600409944824,0.0,0.026115359670692204,0.8137931034482758,1.0,0.8137931034482758,1.0,,
lfr_mu50_i04,lfr,0.5,0.5134430176565008,4.0,slpa,30,435,,,,,,,0.08971790376629969,0.09117186961257548,0.2968526073702484,0.0395160147514514,0,0,44.9,10.623169213465962,2000,,,,,,,0.09491024763013549,0.15420793623969284,0.30212091674829566,0.34198678016712103
lfr_mu50_i05,lfr,0.5,0.5139426012619581,5.0,flpa,30,435,0.0,0.0,0.0,0.0,1.0,0.0,1.0,0.0,,,30,435,1.0,0.0,2000,0.0,0.0,0.0,0.0,1.0,1.0,1.0,1.0,,
lfr_mu50_i05,lfr,0.5,0.5139426012619581,5.0,lpa,30,435,0.21742378436490326,0.0,0.814462010704134,0.021817026954871074,0.9333333333333333,0.24973103811470748,0.9333333333333333,0.24973103811470748,,,29,435,1.5,2.7386127875258306,2000,0.0,0.6072871218467989,0.0,0.06093721321877783,0.8137931034482758,1.0,0.8137931034482758,1.0,,
lfr_mu50_i05,lfr,0.5,0.5139426012619581,5.0,semi_sync_lpa,30,435,0.06660432877184069,0.0,0.24949752250687585,0.006683300267129863,0.9333333333333333,0.24973103811470745,0.9333333333333333,0.24973103811470745,,,29,435,1.0333333333333334,0.18257418583505536,2000,0.0,0.1860327803627275,0.0,0.01866714902198341,0.8137931034482758,1.0,0.8137931034482758,1.0,,
lfr_mu50_i05,lfr,0.5,0.5139426012619581,5.0,slpa,30,435,,,,,,,0.16143891123078832,0.0992874592556926,0.3100701266587686,0.034235956174274655,0,0,51.6,7.1900314132928465,2000,,,,,,,0.16288337102100298,0.22669375888903445,0.3175541418281216,0.3531603475091583
lfr_mu50_i06,lfr,0.5,0.5143263564316196,6.0,flpa,30,435,0.4717692277947599,0.0,1.2180585642670732,0.04733889619915211,0.870365733753355,0.3354706909234032,0.8695604829764135,0.33651805118992895,,,28,434,2.2,4.574290975772584,2000,0.0,1.0692422432346906,0.0,0.10729132928156149,0.707251873784498,1.0,0.7024203691228492,1.0,,
lfr_mu50_i06,lfr,0.5,0.5143263564316196,6.0,lpa,30,435,0.0,0.0,0.0,0.0,1.0,0.0,1.0,0.0,,,30,435,1.0,0.0,2000,0.0,0.0,0.0,0.0,1.0,1.0,1.0,1.0,,
lfr_mu50_i06,lfr,0.5,0.5143263564316196,6.0,semi_sync_lpa,30,435,0.0,0.0,0.0,0.0,1.0,0.0,1.0,0.0,,,30,435,1.0,0.0,2000,0.0,0.0,0.0,0.0,1.0,1.0,1.0,1.0,,
lfr_mu50_i06,lfr,0.5,0.5143263564316196,6.0,slpa,30,435,,,,,,,0.1278820845375033,0.09837403696827335,0.3002271959621406,0.03716424978903524,0,0,53.4,12.802478208372866,2000,,,,,,,0.12490942459130194,0.200493384847303,0.3068590630477473,0.34520803885810264
lfr_mu50_i07,lfr,0.5,0.5126182965299685,7.0,flpa,30,435,0.5007458665857797,0.0,1.2934118656442648,0.05024650868235793,0.8705971025074731,0.33532475595014233,0.8697386507494086,0.33621432714979976,,,28,434,2.2666666666666666,4.820454502346786,2000,0.0,1.1355965357190183,0.0,0.11394954007450937,0.708640086309207,1.0,0.703489375760819,1.0,,
lfr_mu50_i07,lfr,0.5,0.5126182965299685,7.0,lpa,30,435,0.9953268293708388,0.0,1.5991709808685532,0.09987441037658258,0.6998920551600075,0.4528780427198891,0.6931368284387162,0.45874423697218636,,,25,425,4.266666666666667,8.940158655281751,2000,0.26674415108792915,1.689273208703709,0.026765996881797226,0.16950730223045238,0.5258361184260456,0.9333333333333333,0.5066218712392043,0.9333333333333333,,
lfr_mu50_i07,lfr,0.5,0.5126182965299685,7.0,semi_sync_lpa,30,435,0.0,0.0,0.0,0.0,1.0,0.0,1.0,0.0,,,30,435,1.0,0.0,2000,0.0,0.0,0.0,0.0,1.0,1.0,1.0,1.0,,
lfr_mu50_i07,lfr,0.5,0.5126182965299685,7.0,slpa,30,435,,,,,,,0.15401716474133723,0.08711268917956305,0.32859089191671326,0.03488482665961442,0,0,44.2,8.318653737234168,2000,,,,,,,0.15586900441262025,0.21378982076735437,0.33435345401209193,0.37113236987071524
lfr_mu50_i08,lfr,0.5,0.5155482815057283,8.0,flpa,30,435,0.0,0.0,0.0,0.0,1.0,0.0,1.0,0.0,,,30,435,1.0,0.0,2000,0.0,0.0,0.0,0.0,1.0,1.0,1.0,1.0,,
lfr_mu50_i08,lfr,0.5,0.5155482815057283,8.0,lpa,30,435,0.18049546868263305,0.0,0.6761298115367194,0.01811151671830043,0.9333333333333333,0.24973103811470748,0.9333333333333333,0.24973103811470748,,,29,435,1.3666666666666667,2.0083160441856087,2000,0.0,0.5041425159756304,0.0,0.050587339799390854,0.8137931034482758,1.0,0.8137931034482758,1.0,,
lfr_mu50_i08,lfr,0.5,0.5155482815057283,8.0,semi_sync_lpa,30,435,0.0,0.0,0.0,0.0,1.0,0.0,1.0,0.0,,,30,435,1.0,0.0,2000,0.0,0.0,0.0,0.0,1.0,1.0,1.0,1.0,,
lfr_mu50_i08,lfr,0.5,0.5155482815057283,8.0,slpa,30,435,,,,,,,0.1311719224669598,0.10802410371924007,0.2843387431056455,0.030263142851204274,0,0,55.3,15.084017575132181,2000,,,,,,,0.12295198464952263,0.2034065313385987,0.2937301169473076,0.3269563745778259
lfr_mu50_i09,lfr,0.5,0.5135896919669821,9.0,flpa,30,435,0.0,0.0,0.0,0.0,1.0,0.0,1.0,0.0,,,30,435,1.0,0.0,2000,0.0,0.0,0.0,0.0,1.0,1.0,1.0,1.0,,
lfr_mu50_i09,lfr,0.5,0.5135896919669821,9.0,lpa,30,435,0.35980132066169573,0.0,0.9301827735335286,0.036103663332894984,0.8702094242468785,0.33560852094385024,0.8694965164365392,0.3366370358222521,,,28,434,1.8333333333333333,3.238596261828022,2000,0.0,0.8358889732245245,0.0,0.08387588466178278,0.7063140167456389,1.0,0.7020365698836036,1.0,,
lfr_mu50_i09,lfr,0.5,0.5135896919669821,9.0,semi_sync_lpa,30,435,0.2102341868213382,0.0,0.7875300258314121,0.021095598782416018,0.9333333333333333,0.24973103811470737,0.9333333333333333,0.24973103811470737,,,29,435,1.5666666666666667,3.103761159195942,2000,0.0,0.5872058321561516,0.0,0.05892218970261026,0.8137931034482758,1.0,0.8137931034482758,1.0,,
lfr_mu50_i09,lfr,0.5,0.5135896919669821,9.0,slpa,30,435,,,,,,,0.11446495254979826,0.10296215116587197,0.306280437637969,0.04143293823233753,0,0,48.13333333333333,13.29955491433981,2000,,,,,,,0.11914414519200918,0.17404949900735014,0.3096707764722748,0.3505770581315823
lfr_mu60_i00,lfr,0.6,0.6292887029288703,0.0,flpa,30,435,0.0,0.0,0.0,0.0,1.0,0.0,1.0,0.0,,,30,435,1.0,0.0,2000,0.0,0.0,0.0,0.0,1.0,1.0,1.0,1.0,,
lfr_mu60_i00,lfr,0.6,0.6292887029288703,0.0,lpa,30,435,0.5055871205385002,0.0,1.893911947042581,0.05073229623448981,0.9333333333333333,0.24973103811470748,0.9333333333333333,0.24973103811470748,,,29,435,8.866666666666667,43.08750785707308,2000,0.0,1.412157129779949,0.0,0.14170055155150607,0.8137931034482758,1.0,0.8137931034482758,1.0,,
lfr_mu60_i00,lfr,0.6,0.6292887029288703,0.0,semi_sync_lpa,30,435,0.06400888671664251,0.0,0.23977508592470761,0.006422864963589053,0.9333333333333333,0.24973103811470743,0.9333333333333333,0.24973103811470743,,,29,435,1.0333333333333334,0.1825741858350553,2000,0.0,0.17878344220855322,0.0,0.017939726277610802,0.8137931034482758,1.0,0.8137931034482758,1.0,,
lfr_mu60_i00,lfr,0.6,0.6292887029288703,0.0,slpa,30,435,,,,,,,0.022315711570726364,0.047794779965440966,0.18117096011679892,0.03913309027397687,0,0,48.56666666666667,21.572145726940747,2000,,,,,,,0.03809589248547772,0.07712412102097997,0.18990600364339486,0.2289489803676824
lfr_mu60_i01,lfr,0.6,0.6231599607458292,1.0,flpa,30,435,0.0,0.0,0.0,0.0,1.0,0.0,1.0,0.0,,,30,435,1.0,0.0,2000,0.0,0.0,0.0,0.0,1.0,1.0,1.0,1.0,,
lfr_mu60_i01,lfr,0.6,0.6231599607458292,1.0,lpa,30,435,0.0651000312505216,0.0,0.24386247578238987,0.006532354041689854,0.9333333333333333,0.24973103811470745,0.9333333333333333,0.24973103811470745,,,29,435,1.0333333333333334,0.1825741858350553,2000,0.0,0.1818311217686983,0.0,0.018245540599202695,0.8137931034482758,1.0,0.8137931034482758,1.0,,
lfr_mu60_i01,lfr,0.6,0.6231599607458292,1.0,semi_sync_lpa,30,435,0.0,0.0,0.0,0.0,1.0,0.0,1.0,0.0,,,30,435,1.0,0.0,2000,0.0,0.0,0.0,0.0,1.0,1.0,1.0,1.0,,
lfr_mu60_i01,lfr,0.6,0.6231599607458292,1.0,slpa,30,435,,,,,,,0.020228463981898058,0.041252568378409155,0.1715234024809017,0.03812880937489448,0,0,36.766666666666666,17.085350315469064,2000,,,,,,,0.03702694295610183,0.0735209433654022,0.1823615072490532,0.22161027478469597
lfr_mu60_i02,lfr,0.6,0.6285954230526979,2.0,flpa,30,435,0.0,0.0,0.0,0.0,1.0,0.0,1.0,0.0,,,30,435,1.0,0.0,2000,0.0,0.0,0.0,0.0,1.0,1.0,1.0,1.0,,
lfr_mu60_i02,lfr,0.6,0.6285954230526979,2.0,lpa,30,435,0.5015736726226143,0.0,1.8788777093257785,0.050329573498250894,0.9333333333333333,0.24973103811470737,0.9333333333333333,0.24973103811470737,,,29,435,8.733333333333333,42.35721111373285,2000,0.0,1.4009471545666123,0.0,0.14057570528821803,0.8137931034482758,1.0,0.8137931034482758,1.0,,
lfr_mu60_i02,lfr,0.6,0.6285954230526979,2.0,semi_sync_lpa,30,435,0.06625905816598482,0.0,0.24820415070441254,0.006648654664135296,0.9333333333333333,0.24973103811470748,0.9333333333333333,0.24973103811470748,,,29,435,1.0333333333333334,0.18257418583505533,2000,0.0,0.18506840384292314,0.0,0.01857038026879169,0.8137931034482758,1.0,0.8137931034482758,1.0,,
lfr_mu60_i02,lfr,0.6,0.6285954230526979,2.0,slpa,30,435,,,,,,,0.02335282964372628,0.04349053049206108,0.1896995780813479,0.03795544718116754,0,0,51.833333333333336,17.55009251048087,2000,,,,,,,0.039650735517394335,0.0771110512818008,0.1985692906448384,0.23881033076366545
lfr_mu60_i03,lfr,0.6,0.6286531780094012,3.0,flpa,30,435,0.0,0.0,0.0,0.0,1.0,0.0,1.0,0.0,,,30,435,1.0,0.0,2000,0.0,0.0,0.0,0.0,1.0,1.0,1.0,1.0,,
lfr_mu60_i03,lfr,0.6,0.6286531780094012,3.0,lpa,30,435,0.0,0.0,0.0,0.0,1.0,0.0,1.0,0.0,,,30,435,1.0,0.0,2000,0.0,0.0,0.0,0.0,1.0,1.0,1.0,1.0,,
lfr_mu60_i03,lfr,0.6,0.6286531780094012,3.0,semi_sync_lpa,30,435,0.06644412758213591,0.0,0.24889741436569304,0.006667225145982463,0.9333333333333333,0.24973103811470748,0.9333333333333333,0.24973103811470748,,,29,435,1.0333333333333334,0.18257418583505533,2000,0.0,0.18558532186734517,0.0,0.01862224954567516,0.8137931034482758,1.0,0.8137931034482758,1.0,,
lfr_mu60_i03,lfr,0.6,0.6286531780094012,3.0,slpa,30,435,,,,,,,0.03286051826539074,0.04808084519608612,0.1981761541162837,0.03519105826019429,0,0,43.53333333333333,19.740966215624724,2000,,,,,,,0.0489818782421251,0.08677254736113277,0.20998943124295621,0.24563082199429048
lfr_mu60_i04,lfr,0.6,0.6296973390209222,4.0,flpa,30,435,0.0,0.0,0.0,0.0,1.0,0.0,1.0,0.0,,,30,435,1.0,0.0,2000,0.0,0.0,0.0,0.0,1.0,1.0,1.0,1.0,,
lfr_mu60_i04,lfr,0.6,0.6296973390209222,4.0,lpa,30,435,0.0,0.0,0.0,0.0,1.0,0.0,1.0,0.0,,,30,435,1.0,0.0,2000,0.0,0.0,0.0,0.0,1.0,1.0,1.0,1.0,,
lfr_mu60_i04,lfr,0.6,0.6296973390209222,4.0,semi_sync_lpa,30,435,0.0,0.0,0.0,0.0,1.0,0.0,1.0,0.0,,,30,435,1.0,0.0,2000,0.0,0.0,0.0,0.0,1.0,1.0,1.0,1.0,,
lfr_mu60_i04,lfr,0.6,0.6296973390209222,4.0,slpa,30,435,,,,,,,0.03288416372827384,0.05321045086692277,0.18784437070094853,0.03685708492034221,0,0,49.5,17.478558292948534,2000,,,,,,,0.04775473497493781,0.09169642587904905,0.1986249044886298,0.23630955033460535
lfr_mu60_i05,lfr,0.6,0.6271756329113924,5.0,flpa,30,435,0.0,0.0,0.0,0.0,1.0,0.0,1.0,0.0,,,30,435,1.0,0.0,2000,0.0,0.0,0.0,0.0,1.0,1.0,1.0,1.0,,
lfr_mu60_i05,lfr,0.6,0.6271756329113924,5.0,lpa,30,435,0.0,0.0,0.0,0.0,1.0,0.0,1.0,0.0,,,30,435,1.0,0.0,2000,0.0,0.0,0.0,0.0,1.0,1.0,1.0,1.0,,
lfr_mu60_i05,lfr,0.6,0.6271756329113924,5.0,semi_sync_lpa,30,435,0.0,0.0,0.0,0.0,1.0,0.0,1.0,0.0,,,30,435,1.0,0.0,2000,0.0,0.0,0.0,0.0,1.0,1.0,1.0,1.0,,
lfr_mu60_i05,lfr,0.6,0.6271756329113924,5.0,slpa,30,435,,,,,,,0.027960916417124813,0.0456163773009779,0.19715144983063498,0.03636287244728526,0,0,44.833333333333336,16.90354652306643,2000,,,,,,,0.0429688831524122,0.08365550409763095,0.2069585153662057,0.24429614354862889
lfr_mu60_i06,lfr,0.6,0.6298778084351596,6.0,flpa,30,435,0.0,0.0,0.0,0.0,1.0,0.0,1.0,0.0,,,30,435,1.0,0.0,2000,0.0,0.0,0.0,0.0,1.0,1.0,1.0,1.0,,
lfr_mu60_i06,lfr,0.6,0.6298778084351596,6.0,lpa,30,435,0.06641715312250185,0.0,0.24879636896858798,0.006664518438826901,0.9333333333333333,0.24973103811470743,0.9333333333333333,0.24973103811470743,,,29,435,1.0333333333333334,0.1825741858350553,2000,0.0,0.18550997941112585,0.0,0.01861468943258549,0.8137931034482758,1.0,0.8137931034482758,1.0,,
lfr_mu60_i06,lfr,0.6,0.6298778084351596,6.0,semi_sync_lpa,30,435,0.06656487265935385,0.0,0.24934972126790614,0.006679341109339584,0.9333333333333333,0.24973103811470748,0.9333333333333333,0.24973103811470748,,,29,435,1.0333333333333334,0.18257418583505533,2000,0.0,0.1859225753588849,0.0,0.018656090684707118,0.8137931034482758,1.0,0.8137931034482758,1.0,,
lfr_mu60_i06,lfr,0.6,0.6298778084351596,6.0,slpa,30,435,,,,,,,0.031197271335439297,0.06508116927534076,0.17254383330241996,0.04359929802280968,0,0,37.766666666666666,18.628275381209097,2000,,,,,,,0.04558591769267296,0.08945585620514528,0.18054885348751606,0.2224614055383536
lfr_mu60_i07,lfr,0.6,0.6255480271024313,7.0,flpa,30,435,0.0,0.0,0.0,0.0,1.0,0.0,1.0,0.0,,,30,435,1.0,0.0,2000,0.0,0.0,0.0,0.0,1.0,1.0,1.0,1.0,,
lfr_mu60_i07,lfr,0.6,0.6255480271024313,7.0,lpa,30,435,0.0,0.0,0.0,0.0,1.0,0.0,1.0,0.0,,,30,435,1.0,0.0,2000,0.0,0.0,0.0,0.0,1.0,1.0,1.0,1.0,,
lfr_mu60_i07,lfr,0.6,0.6255480271024313,7.0,semi_sync_lpa,30,435,0.06652636847731606,0.0,0.24920548592762534,0.00667547747142229,0.9333333333333333,0.24973103811470748,0.9333333333333333,0.24973103811470748,,,29,435,1.0333333333333334,0.18257418583505533,2000,0.0,0.18581502919526213,0.0,0.01864529914431743,0.8137931034482758,1.0,0.8137931034482758,1.0,,
lfr_mu60_i07,lfr,0.6,0.6255480271024313,7.0,slpa,30,435,,,,,,,0.027151500620131497,0.04432712542452068,0.17249636498798984,0.03837343475439405,0,0,36.9,17.42243895986853,2000,,,,,,,0.04350631691370686,0.08278300205480071,0.18347713433524476,0.22237963020505755
lfr_mu60_i08,lfr,0.6,0.6249750648314383,8.0,flpa,30,435,0.0,0.0,0.0,0.0,1.0,0.0,1.0,0.0,,,30,435,1.0,0.0,2000,0.0,0.0,0.0,0.0,1.0,1.0,1.0,1.0,,
lfr_mu60_i08,lfr,0.6,0.6249750648314383,8.0,lpa,30,435,0.06654639193618733,0.0,0.24928049311518394,0.006677486692001355,0.9333333333333333,0.24973103811470743,0.9333333333333333,0.24973103811470743,,,29,435,1.0333333333333334,0.1825741858350553,2000,0.0,0.1858709567872819,0.0,0.018650911105245162,0.8137931034482758,1.0,0.8137931034482758,1.0,,
lfr_mu60_i08,lfr,0.6,0.6249750648314383,8.0,semi_sync_lpa,30,435,0.0,0.0,0.0,0.0,1.0,0.0,1.0,0.0,,,30,435,1.0,0.0,2000,0.0,0.0,0.0,0.0,1.0,1.0,1.0,1.0,,
lfr_mu60_i08,lfr,0.6,0.6249750648314383,8.0,slpa,30,435,,,,,,,0.02781105823802389,0.06088818466829331,0.18078636807302,0.04236941757041752,0,0,38.96666666666667,18.008586713073818,2000,,,,,,,0.04331711467365,0.08490985906377213,0.1907616948047077,0.2328995726128432
lfr_mu60_i09,lfr,0.6,0.6262288635469917,9.0,flpa,30,435,0.0,0.0,0.0,0.0,1.0,0.0,1.0,0.0,,,30,435,1.0,0.0,2000,0.0,0.0,0.0,0.0,1.0,1.0,1.0,1.0,,
lfr_mu60_i09,lfr,0.6,0.6262288635469917,9.0,lpa,30,435,0.0,0.0,0.0,0.0,1.0,0.0,1.0,0.0,,,30,435,1.0,0.0,2000,0.0,0.0,0.0,0.0,1.0,1.0,1.0,1.0,,
lfr_mu60_i09,lfr,0.6,0.6262288635469917,9.0,semi_sync_lpa,30,435,0.0,0.0,0.0,0.0,1.0,0.0,1.0,0.0,,,30,435,1.0,0.0,2000,0.0,0.0,0.0,0.0,1.0,1.0,1.0,1.0,,
lfr_mu60_i09,lfr,0.6,0.6262288635469917,9.0,slpa,30,435,,,,,,,0.02487409421898543,0.04665460391050898,0.17545680805405858,0.04359671220410666,0,0,36.13333333333333,16.433215592593058,2000,,,,,,,0.04192716737281965,0.07864599411542408,0.18544907404309055,0.22540779340462888
lfr_mu70_i00,lfr,0.7,0.7386086248982913,0.0,flpa,30,435,0.0,0.0,0.0,0.0,1.0,0.0,1.0,0.0,,,30,435,1.0,0.0,2000,0.0,0.0,0.0,0.0,1.0,1.0,1.0,1.0,,
lfr_mu70_i00,lfr,0.7,0.7386086248982913,0.0,lpa,30,435,0.0,0.0,0.0,0.0,1.0,0.0,1.0,0.0,,,30,435,1.0,0.0,2000,0.0,0.0,0.0,0.0,1.0,1.0,1.0,1.0,,
lfr_mu70_i00,lfr,0.7,0.7386086248982913,0.0,semi_sync_lpa,30,435,0.06632694461999257,0.0,0.24845845102391179,0.006655466617120494,0.9333333333333333,0.24973103811470748,0.9333333333333333,0.24973103811470748,,,29,435,1.0333333333333334,0.18257418583505533,2000,0.0,0.18525801773170336,0.0,0.01858940675816414,0.8137931034482758,1.0,0.8137931034482758,1.0,,
lfr_mu70_i00,lfr,0.7,0.7386086248982913,0.0,slpa,30,435,,,,,,,0.011411058834841734,0.025110190974252863,0.16754566941379126,0.040700365676363176,0,0,50.4,22.83161752090048,2000,,,,,,,0.030604424688789156,0.0637715151803175,0.17803657940462092,0.21666842931117392
lfr_mu70_i01,lfr,0.7,0.7385433715220949,1.0,flpa,30,435,0.0,0.0,0.0,0.0,1.0,0.0,1.0,0.0,,,30,435,1.0,0.0,2000,0.0,0.0,0.0,0.0,1.0,1.0,1.0,1.0,,
lfr_mu70_i01,lfr,0.7,0.7385433715220949,1.0,lpa,30,435,2.3207711109095266,0.0,3.516607592129057,0.23287390581806253,0.7072888544033158,0.450989982886951,0.6917255499571393,0.4602667822494925,,,25,425,44.46666666666667,98.8892565320989,2000,0.979113754918759,3.64125411006487,0.09824753646591279,0.36537556965476053,0.5488862164065533,0.8728160919540146,0.5006585780801047,0.8728160919540146,,
lfr_mu70_i01,lfr,0.7,0.7385433715220949,1.0,semi_sync_lpa,30,435,0.0,0.0,0.0,0.0,1.0,0.0,1.0,0.0,,,30,435,1.0,0.0,2000,0.0,0.0,0.0,0.0,1.0,1.0,1.0,1.0,,
lfr_mu70_i01,lfr,0.7,0.7385433715220949,1.0,slpa,30,435,,,,,,,0.010502186115340961,0.02147283014792867,0.1635983783424125,0.03618084532176779,0,0,47.06666666666667,18.88975882603447,2000,,,,,,,0.028612169769533454,0.06444818627404678,0.17477121113678581,0.21290324241025424
lfr_mu70_i02,lfr,0.7,0.7381535947712419,2.0,flpa,30,435,0.0,0.0,0.0,0.0,1.0,0.0,1.0,0.0,,,30,435,1.0,0.0,2000,0.0,0.0,0.0,0.0,1.0,1.0,1.0,1.0,,
lfr_mu70_i02,lfr,0.7,0.7381535947712419,2.0,lpa,30,435,1.9018404707474117,0.0,3.3050815580922106,0.19083700955422575,0.7575883946578941,0.42607507233290337,0.7481879348479803,0.4334232041337323,,,26,429,35.5,89.53510195872131,2000,0.5081248806901504,3.3374527399190788,0.050986943543638974,0.33489112794219417,0.5827123467012006,0.9333333333333333,0.5466642971322431,0.9333333333333333,,
lfr_mu70_i02,lfr,0.7,0.7381535947712419,2.0,semi_sync_lpa,30,435,0.0,0.0,0.0,0.0,1.0,0.0,1.0,0.0,,,30,435,1.0,0.0,2000,0.0,0.0,0.0,0.0,1.0,1.0,1.0,1.0,,
lfr_mu70_i02,lfr,0.7,0.7381535947712419,2.0,slpa,30,435,,,,,,,0.010232735234418689,0.02690389844504843,0.14623009352270125,0.03145985195041959,0,0,43.43333333333333,16.643696815255947,2000,,,,,,,0.028593907007864308,0.06342109318455028,0.15930328271347716,0.19468156488416943
lfr_mu70_i03,lfr,0.7,0.7368523568367744,3.0,flpa,30,435,0.0,0.0,0.0,0.0,1.0,0.0,1.0,0.0,,,30,435,1.0,0.0,2000,0.0,0.0,0.0,0.0,1.0,1.0,1.0,1.0,,
lfr_mu70_i03,lfr,0.7,0.7368523568367744,3.0,lpa,30,435,0.0,0.0,0.0,0.0,1.0,0.0,1.0,0.0,,,30,435,1.0,0.0,2000,0.0,0.0,0.0,0.0,1.0,1.0,1.0,1.0,,
lfr_mu70_i03,lfr,0.7,0.7368523568367744,3.0,semi_sync_lpa,30,435,0.0,0.0,0.0,0.0,1.0,0.0,1.0,0.0,,,30,435,1.0,0.0,2000,0.0,0.0,0.0,0.0,1.0,1.0,1.0,1.0,,
lfr_mu70_i03,lfr,0.7,0.7368523568367744,3.0,slpa,30,435,,,,,,,0.00789295211199854,0.05209826052983905,0.17636776747284694,0.11218377041062498,1,29,26.8,17.013990186577796,2000,,,,,,,0.026203033568001778,0.06301706649728923,0.16224666915817257,0.26253337094103835
lfr_mu70_i04,lfr,0.7,0.7404626623376623,4.0,flpa,30,435,0.0,0.0,0.0,0.0,1.0,0.0,1.0,0.0,,,30,435,1.0,0.0,2000,0.0,0.0,0.0,0.0,1.0,1.0,1.0,1.0,,
lfr_mu70_i04,lfr,0.7,0.7404626623376623,4.0,lpa,30,435,0.0,0.0,0.0,0.0,1.0,0.0,1.0,0.0,,,30,435,1.0,0.0,2000,0.0,0.0,0.0,0.0,1.0,1.0,1.0,1.0,,
lfr_mu70_i04,lfr,0.7,0.7404626623376623,4.0,semi_sync_lpa,30,435,0.0,0.0,0.0,0.0,1.0,0.0,1.0,0.0,,,30,435,1.0,0.0,2000,0.0,0.0,0.0,0.0,1.0,1.0,1.0,1.0,,
lfr_mu70_i04,lfr,0.7,0.7404626623376623,4.0,slpa,30,435,,,,,,,0.00798527270489051,0.020181833630965398,0.1565090686506108,0.040893190464152046,0,0,44.4,22.004074857735496,2000,,,,,,,0.026279572108218893,0.061389098857810395,0.16700943900294146,0.2080159280129174
lfr_mu70_i05,lfr,0.7,0.7375667899712289,5.0,flpa,30,435,0.0,0.0,0.0,0.0,1.0,0.0,1.0,0.0,,,30,435,1.0,0.0,2000,0.0,0.0,0.0,0.0,1.0,1.0,1.0,1.0,,
lfr_mu70_i05,lfr,0.7,0.7375667899712289,5.0,lpa,30,435,0.5167336578677022,0.0,1.93566649212167,0.05185077692911585,0.9333333333333333,0.24973103811470737,0.9333333333333333,0.24973103811470737,,,29,435,9.733333333333333,47.834436688784514,2000,0.0,1.4432905616304788,0.0,0.14482458383649602,0.8137931034482758,1.0,0.8137931034482758,1.0,,
lfr_mu70_i05,lfr,0.7,0.7375667899712289,5.0,semi_sync_lpa,30,435,0.0,0.0,0.0,0.0,1.0,0.0,1.0,0.0,,,30,435,1.0,0.0,2000,0.0,0.0,0.0,0.0,1.0,1.0,1.0,1.0,,
lfr_mu70_i05,lfr,0.7,0.7375667899712289,5.0,slpa,30,435,,,,,,,0.011150264293541764,0.024997694293513048,0.1839563141194451,0.03979674076677742,0,0,56.03333333333333,22.124231267897247,2000,,,,,,,0.03003633824795027,0.06382757718310814,0.19273536860130083,0.23299410604027504
lfr_mu70_i06,lfr,0.7,0.7397003745318352,6.0,flpa,30,435,0.0,0.0,0.0,0.0,1.0,0.0,1.0,0.0,,,30,435,1.0,0.0,2000,0.0,0.0,0.0,0.0,1.0,1.0,1.0,1.0,,
lfr_mu70_i06,lfr,0.7,0.7397003745318352,6.0,lpa,30,435,3.707242685724667,3.699432404308874,3.652222770707467,0.37199708320300745,0.5012433355885506,0.4831921744087446,0.44349047392543284,0.4911183252389113,,,20,390,77.46666666666667,118.77237962135615,2000,1.994000215061502,4.736016133482331,0.2000846253646472,0.4752276387089106,0.3895960959945525,0.7069442334039877,0.2730438906859711,0.6929049503797786,,
lfr_mu70_i06,lfr,0.7,0.7397003745318352,6.0,semi_sync_lpa,30,435,0.06631055452151871,0.0,0.24839705427931164,0.006653821980029655,0.9333333333333333,0.24973103811470743,0.9333333333333333,0.24973103811470743,,,29,435,1.0333333333333334,0.1825741858350553,2000,0.0,0.18521223849113846,0.0,0.018584813116634555,0.8137931034482758,1.0,0.8137931034482758,1.0,,
lfr_mu70_i06,lfr,0.7,0.7397003745318352,6.0,slpa,30,435,,,,,,,0.013072788717133193,0.02527048134168532,0.1687126145605518,0.03919986605817952,0,0,54.96666666666667,19.236250500898905,2000,,,,,,,0.03150625411782181,0.06772629984329154,0.17752162792789208,0.21972799289152714
lfr_mu70_i07,lfr,0.7,0.7342723004694836,7.0,flpa,30,435,0.0,0.0,0.0,0.0,1.0,0.0,1.0,0.0,,,30,435,1.0,0.0,2000,0.0,0.0,0.0,0.0,1.0,1.0,1.0,1.0,,
lfr_mu70_i07,lfr,0.7,0.7342723004694836,7.0,lpa,30,435,0.0,0.0,0.0,0.0,1.0,0.0,1.0,0.0,,,30,435,1.0,0.0,2000,0.0,0.0,0.0,0.0,1.0,1.0,1.0,1.0,,
lfr_mu70_i07,lfr,0.7,0.7342723004694836,7.0,semi_sync_lpa,30,435,0.0659011593592771,0.0,0.24686347409632556,0.006612741905391506,0.9333333333333333,0.24973103811470748,0.9333333333333333,0.24973103811470748,,,29,435,1.0333333333333334,0.1825741858350553,2000,0.0,0.18406875545177398,0.0,0.01847007221850731,0.8137931034482758,1.0,0.8137931034482758,1.0,,
lfr_mu70_i07,lfr,0.7,0.7342723004694836,7.0,slpa,30,435,,,,,,,0.009521302189845723,0.05092983202083152,0.19562730806671919,0.14156200029832358,2,57,22.666666666666668,13.966297693532377,2000,,,,,,,0.028021074974315347,0.06398219431225913,0.1658941314634632,0.3014868076956654
lfr_mu70_i08,lfr,0.7,0.7379267277268943,8.0,flpa,30,435,0.0,0.0,0.0,0.0,1.0,0.0,1.0,0.0,,,30,435,1.0,0.0,2000,0.0,0.0,0.0,0.0,1.0,1.0,1.0,1.0,,
lfr_mu70_i08,lfr,0.7,0.7379267277268943,8.0,lpa,30,435,1.89260558273543,0.0,3.28814164840634,0.18991035012149107,0.7575599416784298,0.42607407971112954,0.7482971010368763,0.43325412585865647,,,26,429,34.666666666666664,87.33618491440016,2000,0.5096029486498679,3.3007544032818665,0.05113525780747391,0.331208694569269,0.5836304064890834,0.9333333333333333,0.5512068119165539,0.9333333333333333,,
lfr_mu70_i08,lfr,0.7,0.7379267277268943,8.0,semi_sync_lpa,30,435,0.0,0.0,0.0,0.0,1.0,0.0,1.0,0.0,,,30,435,1.0,0.0,2000,0.0,0.0,0.0,0.0,1.0,1.0,1.0,1.0,,
lfr_mu70_i08,lfr,0.7,0.7379267277268943,8.0,slpa,30,435,,,,,,,0.010573360559245262,0.026629373999509147,0.17802888567188885,0.04099227614492117,0,0,58.833333333333336,24.19473201900084,2000,,,,,,,0.02951606455594406,0.06397859650868071,0.18666146804905992,0.2294223639599527
lfr_mu70_i09,lfr,0.7,0.737776025236593,9.0,flpa,30,435,0.0,0.0,0.0,0.0,1.0,0.0,1.0,0.0,,,30,435,1.0,0.0,2000,0.0,0.0,0.0,0.0,1.0,1.0,1.0,1.0,,
lfr_mu70_i09,lfr,0.7,0.737776025236593,9.0,lpa,30,435,0.5042978783546385,0.0,1.8890824902082246,0.05060292937815058,0.9333333333333333,0.24973103811470745,0.9333333333333333,0.24973103811470745,,,29,435,9.0,43.81780460041329,2000,0.0,1.4085561429905422,0.0,0.14133921653897233,0.8137931034482758,1.0,0.8137931034482758,1.0,,
lfr_mu70_i09,lfr,0.7,0.737776025236593,9.0,semi_sync_lpa,30,435,0.0,0.0,0.0,0.0,1.0,0.0,1.0,0.0,,,30,435,1.0,0.0,2000,0.0,0.0,0.0,0.0,1.0,1.0,1.0,1.0,,
lfr_mu70_i09,lfr,0.7,0.737776025236593,9.0,slpa,30,435,,,,,,,0.008685083062117615,0.024471243200747506,0.137947005440244,0.041310214270073385,0,0,26.633333333333333,14.558996112922483,2000,,,,,,,0.02695418237732218,0.0632719995037828,0.1494272134337948,0.18946049686023772
polblogs,polblogs,,,,flpa,30,435,0.28253081740860836,0.17991976089740924,0.2887595005709508,0.02755046614303118,0.8132937841557557,0.275401576678672,0.8397586416132145,0.3153015422205709,,,0,0,5.666666666666667,1.6470105276411926,2000,0.16297563419535027,0.4120476472415008,0.01589226525170286,0.040180058440225694,0.6852208565195949,0.9235484590380076,0.6910267818097864,0.9633123252159543,,
polblogs,polblogs,,,,lpa,30,435,0.2466416778352272,0.1372155450264687,0.3031845876066054,0.024050803579534725,0.8434391428230933,0.25749217260589247,0.85144348113435,0.3122899419382344,,,0,0,9.5,1.2525835370311151,2000,0.12258402563372109,0.3855101844576428,0.011953552815493316,0.037592307211334976,0.723255549176093,0.9459315986406918,0.7045621215774955,0.9732235284904626,,
polblogs,polblogs,,,,semi_sync_lpa,30,435,0.16996202703613486,0.11689786271022418,0.2326442633681208,0.01657353032992468,0.9006995414296537,0.19327180776234765,0.9127247919002569,0.23331602036685925,,,0,0,9.833333333333334,0.9498941259817921,2000,0.0985316022480779,0.27887995219197986,0.009608125572469232,0.02719445882508247,0.8085276025622523,0.956654128290422,0.8013259792258245,0.9773845389349135,,
polblogs,polblogs,,,,slpa,30,435,,,,,,,0.8621125424440311,0.3288428738766271,0.7361847867540687,0.0746473738660686,0,0,16.166666666666668,2.666307447069608,2000,,,,,,,0.7069176663459082,0.9894082699036076,0.7142258136667096,0.7763037611647857
polbooks,polbooks,,,,flpa,30,435,0.6200415281198769,0.6079885672927205,0.2926024448414984,0.09234716342863254,0.7991372479453475,0.09936816129030641,0.7909885640485589,0.11846237519569928,,,0,0,4.033333333333333,0.99942512211403,2000,0.4885962510247339,0.7099602916485325,0.0727700900628624,0.10573939987456929,0.7681556425647178,0.8438695972831344,0.7490672419043509,0.8454756079707971,,
polbooks,polbooks,,,,lpa,30,435,0.4896892659188102,0.4653807882365433,0.2769771637933202,0.07293288048975406,0.8679855034020809,0.07312388827040309,0.8587240111811871,0.10150187031535024,,,0,0,5.366666666666666,0.7648904962570576,2000,0.36283891443445776,0.5822540019780919,0.05404016184391494,0.0867192003101614,0.844103351128958,0.9014954811492794,0.8187319710834369,0.9072181416738053,,
polbooks,polbooks,,,,semi_sync_lpa,30,435,0.7593663419476118,0.7663184880538398,0.3169218947143269,0.11309779184416364,0.7863393343034256,0.09300919396356089,0.7503037141226439,0.12679419503539743,,,0,0,5.1,1.1551981469084383,2000,0.6018426827507478,0.8526000843992265,0.0896366808701313,0.12698375151100985,0.7582812686523444,0.832411629328684,0.7087252997054853,0.8126325092422261,,
polbooks,polbooks,,,,slpa,30,435,,,,,,,0.8055011951916509,0.09087760557084332,0.6176853105629531,0.10431414900513739,0,0,5.8,1.2703515668696899,2000,,,,,,,0.779221246287483,0.8434533900974377,0.5938502295379987,0.6726860401772249
