community,node
0,0
0,19
0,95
0,111
0,127
0,139
0,163
0,167
0,196
0,227
0,267
0,303
0,332
0,398
0,528
0,530
0,569
0,641
0,665
0,849
0,862
1,1
1,35
1,44
1,48
1,66
1,72
1,107
1,134
1,143
1,184
1,186
1,204
1,233
1,263
1,264
1,306
1,324
1,355
1,358
1,367
1,379
1,394
1,419
1,425
1,429
1,443
1,491
1,495
1,499
1,509
1,565
1,627
1,643
1,647
1,657
1,659
1,662
1,685
1,694
1,711
1,740
1,749
1,780
1,785
1,815
1,829
1,831
1,894
1,904
1,916
1,917
1,940
1,947
2,2
2,45
2,137
2,138
2,199
2,270
2,311
2,357
2,373
2,424
2,440
2,578
2,580
2,619
2,637
2,704
2,713
2,851
2,858
2,902
2,911
2,930
2,997
3,3
3,70
3,80
3,83
3,179
3,224
3,226
3,238
3,248
3,254
3,257
3,304
3,316
3,365
3,414
3,431
3,450
3,493
3,523
3,583
3,620
3,633
3,727
3,753
3,754
3,813
3,834
3,842
3,873
3,893
3,908
3,960
3,961
4,4
4,23
4,40
4,46
4,56
4,64
4,93
4,106
4,129
4,146
4,149
4,187
4,191
4,232
4,245
4,286
4,317
4,396
4,406
4,487
4,576
4,585
4,599
4,608
4,632
4,650
4,653
4,654
4,671
4,672
4,679
4,706
4,739
4,867
4,869
4,892
4,895
4,926
4,946
4,955
4,957
4,972
5,5
5,31
5,41
5,55
5,103
5,125
5,133
5,140
5,141
5,177
5,234
5,237
5,240
5,290
5,291
5,370
5,418
5,441
5,447
5,485
5,508
5,517
5,518
5,564
5,602
5,639
5,646
5,651
5,656
5,675
5,684
5,691
5,707
5,728
5,774
5,783
5,799
5,817
5,820
5,835
5,874
5,889
5,907
5,935
5,942
5,974
5,989
6,6
6,9
6,60
6,86
6,90
6,166
6,219
6,225
6,260
6,283
6,293
6,299
6,339
6,388
6,390
6,400
6,409
6,444
6,448
6,466
6,474
6,494
6,507
6,556
6,600
6,642
6,668
6,680
6,695
6,724
6,737
6,756
6,776
6,801
6,845
6,883
6,945
7,7
7,34
7,37
7,62
7,98
7,102
7,156
7,203
7,250
7,288
7,372
7,456
7,457
7,522
7,617
7,681
7,689
7,752
7,761
7,790
7,830
7,854
7,857
7,905
7,920
7,938
7,948
7,952
7,968
7,971
7,999
8,8
8,32
8,39
8,68
8,78
8,82
8,113
8,173
8,208
8,295
8,319
8,325
8,395
8,403
8,405
8,465
8,476
8,483
8,492
8,506
8,605
8,630
8,699
8,701
8,712
8,725
8,751
8,789
8,794
8,812
8,839
8,909
8,991
8,992
9,10
9,67
9,109
9,151
9,216
9,223
9,253
9,269
9,285
9,323
9,353
9,366
9,368
9,415
9,473
9,489
9,615
9,645
9,663
9,730
9,757
9,771
9,811
9,879
9,897
9,903
9,906
9,976
9,978
10,11
10,53
10,65
10,71
10,85
10,123
10,180
10,246
10,271
10,320
10,351
10,381
10,413
10,455
10,461
10,490
10,503
10,519
10,539
10,548
10,549
10,592
10,649
10,760
10,781
10,814
10,876
10,885
10,956
10,958
10,979
10,986
11,12
11,30
11,42
11,57
11,88
11,108
11,126
11,150
11,158
11,172
11,176
11,182
11,194
11,218
11,230
11,256
11,274
11,282
11,327
11,340
11,352
11,360
11,361
11,382
11,383
11,385
11,387
11,416
11,417
11,428
11,433
11,435
11,452
11,460
11,486
11,538
11,573
11,613
11,616
11,644
11,669
11,686
11,687
11,708
11,709
11,717
11,736
11,743
11,745
11,787
11,791
11,798
11,802
11,824
11,832
11,843
11,856
11,861
11,877
11,950
11,962
11,984
12,13
12,59
12,77
12,79
12,101
12,144
12,174
12,188
12,212
12,220
12,275
12,280
12,310
12,349
12,356
12,421
12,437
12,480
12,481
12,504
12,512
12,554
12,577
12,621
12,625
12,640
12,664
12,700
12,746
12,768
12,779
12,795
12,806
12,808
12,868
12,881
12,964
13,14
13,33
13,47
13,54
13,75
13,92
13,130
13,164
13,175
13,178
13,192
13,193
13,200
13,236
13,249
13,258
13,259
13,268
13,277
13,292
13,305
13,326
13,334
13,346
13,364
13,377
13,404
13,427
13,434
13,467
13,524
13,552
13,596
13,597
13,629
13,660
13,677
13,678
13,710
13,723
13,734
13,738
13,770
13,833
13,900
13,918
13,919
13,963
13,966
13,985
13,987
14,15
14,22
14,43
14,87
14,110
14,128
14,162
14,190
14,195
14,207
14,213
14,221
14,251
14,279
14,302
14,335
14,341
14,386
14,391
14,422
14,426
14,451
14,459
14,463
14,488
14,498
14,532
14,535
14,567
14,574
14,575
14,581
14,589
14,591
14,598
14,603
14,628
14,661
14,674
14,696
14,703
14,718
14,764
14,818
14,827
14,844
14,863
14,901
14,921
14,923
14,934
14,941
14,943
15,16
15,24
15,51
15,132
15,152
15,181
15,202
15,205
15,210
15,217
15,242
15,273
15,284
15,294
15,336
15,345
15,362
15,374
15,401
15,436
15,446
15,454
15,500
15,527
15,541
15,582
15,594
15,601
15,716
15,726
15,750
15,772
15,778
15,810
15,860
15,871
15,924
15,925
15,959
16,17
16,25
16,49
16,58
16,96
16,104
16,121
16,131
16,161
16,211
16,243
16,287
16,333
16,378
16,384
16,389
16,479
16,537
16,558
16,566
16,593
16,634
16,635
16,729
16,755
16,758
16,784
16,796
16,822
16,823
16,826
16,872
16,932
17,18
17,26
17,36
17,63
17,74
17,89
17,124
17,145
17,154
17,169
17,228
17,231
17,235
17,252
17,266
17,276
17,278
17,312
17,329
17,343
17,347
17,380
17,399
17,411
17,423
17,430
17,458
17,464
17,536
17,551
17,562
17,571
17,610
17,638
17,670
17,722
17,732
17,742
17,748
17,807
17,828
17,840
17,847
17,884
17,886
17,890
17,891
17,914
17,928
17,933
17,951
17,967
17,969
17,993
17,994
18,20
18,69
18,99
18,160
18,229
18,298
18,354
18,376
18,407
18,438
18,445
18,471
18,472
18,502
18,516
18,542
18,545
18,546
18,586
18,673
18,676
18,692
18,719
18,721
18,777
18,786
18,800
18,805
18,841
18,870
18,912
18,913
18,949
18,982
19,21
19,61
19,84
19,94
19,100
19,105
19,117
19,171
19,183
19,189
19,206
19,222
19,296
19,313
19,314
19,318
19,331
19,338
19,363
19,375
19,449
19,468
19,475
19,484
19,501
19,505
19,534
19,550
19,560
19,561
19,609
19,611
19,618
19,624
19,626
19,631
19,667
19,682
19,688
19,747
19,775
19,782
19,788
19,797
19,821
19,852
19,866
19,888
19,898
19,929
19,939
19,973
19,983
20,27
20,115
20,120
20,261
20,272
20,322
20,350
20,408
20,521
20,533
20,540
20,543
20,572
20,604
20,606
20,690
20,759
20,792
20,850
20,896
20,922
20,931
20,981
21,28
21,29
21,50
21,81
21,97
21,116
21,168
21,209
21,241
21,265
21,297
21,309
21,315
21,337
21,348
21,359
21,470
21,531
21,544
21,563
21,720
21,731
21,769
21,836
21,878
22,38
22,52
22,119
22,122
22,142
22,159
22,185
22,215
22,239
22,281
22,307
22,344
22,371
22,439
22,477
22,510
22,547
22,553
22,570
22,652
22,666
22,693
22,714
22,733
22,838
22,864
22,953
22,965
23,73
23,91
23,118
23,155
23,165
23,255
23,300
23,308
23,321
23,328
23,392
23,397
23,402
23,442
23,520
23,529
23,555
23,568
23,584
23,588
23,595
23,607
23,622
23,648
23,658
23,697
23,698
23,702
23,705
23,744
23,763
23,766
23,804
23,825
23,837
23,846
23,880
23,882
23,887
23,899
23,915
23,937
23,944
23,954
23,970
23,980
23,996
24,76
24,135
24,136
24,197
24,214
24,262
24,301
24,330
24,369
24,393
24,432
24,496
24,511
24,557
24,559
24,590
24,655
24,683
24,762
24,767
24,803
24,848
24,865
24,975
24,988
25,112
25,147
25,157
25,170
25,201
25,247
25,289
25,342
25,410
25,412
25,420
25,469
25,478
25,497
25,526
25,579
25,587
25,614
25,623
25,636
25,735
25,773
25,793
25,816
25,819
25,910
25,927
25,977
25,995
25,998
26,114
26,148
26,153
26,198
26,244
26,453
26,462
26,482
26,513
26,514
26,515
26,525
26,612
26,715
26,741
26,765
26,809
26,853
26,855
26,859
26,875
26,936
26,990
27,128
27,213
27,426
27,581
