node,label
0,20
1,20
2,14
3,16
4,21
5,14
6,15
7,14
8,18
9,13
10,19
11,11
12,1
13,15
14,16
15,6
16,1
17,11
18,8
19,5
20,21
21,13
22,3
23,20
24,1
25,9
26,10
27,7
28,16
29,21
30,13
31,9
32,0
33,22
34,19
35,13
36,15
37,12
38,6
39,7
40,5
41,3
42,10
43,20
44,19
45,8
46,7
47,6
48,5
49,17
50,3
51,13
52,21
53,22
54,15
55,3
56,19
57,13
58,12
59,3
60,10
61,19
62,20
63,3
64,0
65,0
66,10
67,4
68,9
69,8
70,3
71,5
72,10
73,19
74,20
75,12
76,9
77,9
78,6
79,2
80,13
81,5
82,13
83,9
84,8
85,1
86,6
87,21
88,13
89,13
90,17
91,1
92,8
93,9
94,7
95,0
96,23
97,7
98,19
99,7
100,19
101,3
102,14
103,6
104,11
105,20
106,9
107,22
108,19
109,13
110,12
111,4
112,19
113,14
114,15
115,13
116,1
117,12
118,9
119,9
120,0
121,21
122,16
123,14
124,17
125,23
126,9
127,10
128,16
129,16
130,1
131,20
132,9
133,9
134,11
135,9
136,4
137,13
138,19
139,15
140,19
141,16
142,3
143,9
144,5
145,22
146,15
147,11
148,21
149,17
150,23
151,13
152,23
153,6
154,13
155,4
156,0
157,18
158,16
159,12
160,13
161,20
162,7
163,19
164,13
165,9
166,19
167,19
168,18
169,13
170,0
171,22
172,14
173,12
174,19
175,16
176,0
177,13
178,20
179,15
180,12
181,12
182,9
183,5
184,6
185,11
186,19
187,12
188,9
189,21
190,5
191,3
192,0
193,10
194,18
195,16
196,20
197,0
198,6
199,13
200,4
201,9
202,5
203,1
204,17
205,13
206,0
207,6
208,1
209,1
210,6
211,7
212,18
213,13
214,19
215,0
216,8
217,19
218,14
219,5
220,19
221,20
222,19
223,23
224,5
225,1
226,7
227,5
228,0
229,0
230,12
231,16
232,0
233,15
234,15
235,20
236,13
237,22
238,16
239,16
240,7
241,19
242,6
243,18
244,6
245,13
246,14
247,4
248,23
249,12
250,13
251,8
252,20
253,6
254,19
255,12
256,13
257,23
258,7
259,10
260,9
261,4
262,19
263,8
264,19
265,1
266,2
267,14
268,6
269,18
270,18
271,20
272,9
273,21
274,4
275,10
276,14
277,9
278,2
279,20
280,19
281,13
282,3
283,19
284,23
285,4
286,19
287,4
288,14
289,11
290,6
291,3
292,18
293,10
294,8
295,5
296,17
297,22
298,11
299,22
300,16
301,9
302,14
303,23
304,20
305,9
306,0
307,6
308,4
309,19
310,20
311,5
312,9
313,16
314,7
315,19
316,1
317,5
318,12
319,20
320,13
321,10
322,4
323,12
324,5
325,13
326,13
327,11
328,5
329,4
330,9
331,20
332,9
333,0
334,3
335,13
336,17
337,12
338,11
339,14
340,5
341,22
342,23
343,21
344,4
345,13
346,4
347,21
348,20
349,17
350,20
351,9
352,20
353,20
354,18
355,5
356,22
357,1
358,6
359,9
360,20
361,1
362,9
363,1
364,20
365,11
366,20
367,7
368,0
369,22
370,11
371,16
372,18
373,11
374,23
375,23
376,5
377,3
378,1
379,13
380,15
381,13
382,3
383,16
384,21
385,18
386,9
387,20
388,0
389,1
390,13
391,20
392,19
393,7
394,9
395,3
396,17
397,16
398,14
399,8
400,13
401,12
402,20
403,22
404,14
405,19
406,8
407,20
408,19
409,6
410,13
411,0
412,19
413,3
414,19
415,7
416,16
417,4
418,16
419,21
420,15
421,20
422,7
423,16
424,14
425,1
426,13
427,4
428,6
429,23
430,22
431,1
432,7
433,20
434,6
435,22
436,9
437,6
438,18
439,23
440,4
441,20
442,5
443,13
444,20
445,6
446,16
447,7
448,4
449,8
450,0
451,9
452,4
453,13
454,3
455,20
456,0
457,21
458,9
459,13
460,15
461,11
462,5
463,16
464,18
465,10
466,5
467,3
468,5
469,23
470,22
471,22
472,3
473,0
474,23
475,4
476,18
477,19
478,10
479,5
480,21
481,19
482,21
483,7
484,4
485,19
486,23
487,4
488,15
489,10
490,18
491,16
492,3
493,17
494,13
495,9
496,20
497,3
498,19
499,0
500,21
501,5
502,20
503,23
504,13
505,21
506,15
507,19
508,19
509,19
510,16
511,13
512,5
513,21
514,0
515,5
516,6
517,14
518,7
519,5
520,22
521,6
522,13
523,14
524,22
525,20
526,17
527,0
528,4
529,4
530,13
531,15
532,7
533,9
534,15
535,9
536,23
537,3
538,19
539,6
540,9
541,9
542,15
543,3
544,13
545,13
546,20
547,5
548,21
549,3
550,23
551,23
552,16
553,0
554,20
555,23
556,13
557,5
558,22
559,6
560,10
561,9
562,9
563,20
564,1
565,9
566,19
567,12
568,19
569,12
570,0
571,3
572,13
573,0
574,3
575,16
576,20
577,3
578,0
579,1
580,0
581,19
582,16
583,9
584,22
585,1
586,0
587,7
588,13
589,20
590,19
591,4
592,6
593,11
594,20
595,17
596,16
597,20
598,9
599,1
600,7
601,13
602,14
603,20
604,7
605,19
606,21
607,3
608,20
609,19
610,23
611,20
612,20
613,3
614,13
615,20
616,6
617,16
618,22
619,20
620,9
621,12
622,15
623,4
624,9
625,9
626,9
627,14
628,0
629,12
630,19
631,3
632,13
633,21
634,20
635,13
636,19
637,22
638,22
639,19
640,1
641,15
642,6
643,4
644,4
645,0
646,3
647,19
648,9
649,19
650,19
651,22
652,14
653,13
654,23
655,20
656,7
657,23
658,3
659,23
660,22
661,18
662,19
663,3
664,1
665,14
666,4
667,19
668,4
669,15
670,4
671,13
672,22
673,21
674,20
675,11
676,1
677,9
678,8
679,16
680,17
681,15
682,9
683,17
684,16
685,3
686,1
687,23
688,18
689,19
690,22
691,4
692,10
693,17
694,4
695,9
696,11
697,14
698,13
699,20
700,5
701,20
702,7
703,7
704,3
705,19
706,19
707,11
708,10
709,16
710,20
711,0
712,13
713,6
714,13
715,13
716,22
717,21
718,9
719,12
720,13
721,3
722,20
723,4
724,18
725,16
726,0
727,20
728,23
729,0
730,23
731,21
732,1
733,11
734,13
735,9
736,17
737,23
738,5
739,5
740,15
741,13
742,4
743,20
744,13
745,7
746,21
747,6
748,14
749,13
750,9
751,12
752,20
753,8
754,13
755,6
756,21
757,6
758,19
759,9
760,14
761,21
762,13
763,3
764,6
765,21
766,12
767,7
768,22
769,16
770,12
771,17
772,23
773,4
774,22
775,5
776,15
777,6
778,13
779,13
780,20
781,22
782,10
783,20
784,20
785,16
786,21
787,9
788,8
789,6
790,23
791,13
792,0
793,8
794,10
795,13
796,23
797,23
798,16
799,19
800,9
801,1
802,23
803,19
804,14
805,19
806,9
807,5
808,8
809,3
810,3
811,3
812,19
813,23
814,22
815,21
816,22
817,19
818,13
819,20
820,20
821,6
822,19
823,6
824,0
825,23
826,16
827,9
828,14
829,19
830,12
831,17
832,15
833,9
834,11
835,13
836,18
837,13
838,13
839,13
840,9
841,3
842,22
843,20
844,14
845,14
846,3
847,10
848,4
849,5
850,23
851,19
852,6
853,15
854,3
855,21
856,22
857,5
858,13
859,10
860,21
861,13
862,7
863,20
864,15
865,20
866,0
867,14
868,10
869,6
870,0
871,8
872,13
873,21
874,19
875,16
876,1
877,9
878,11
879,20
880,20
881,14
882,14
883,19
884,13
885,3
886,16
887,23
888,21
889,20
890,13
891,21
892,13
893,6
894,13
895,15
896,19
897,22
898,20
899,15
900,5
901,0
902,3
903,15
904,13
905,22
906,9
907,3
908,15
909,6
910,8
911,7
912,3
913,9
914,14
915,13
916,0
917,3
918,16
919,19
920,23
921,13
922,20
923,20
924,13
925,3
926,3
927,14
928,5
929,1
930,8
931,5
932,14
933,6
934,13
935,23
936,23
937,8
938,7
939,20
940,17
941,23
942,13
943,20
944,8
945,13
946,16
947,4
948,1
949,8
950,17
951,0
952,20
953,4
954,9
955,3
956,5
957,13
958,0
959,22
960,0
961,1
962,22
963,4
964,13
965,1
966,9
967,20
968,12
969,13
970,22
971,13
972,20
973,18
974,13
975,9
976,4
977,13
978,4
979,7
980,20
981,22
982,22
983,7
984,13
985,8
986,5
987,20
988,8
989,23
990,23
991,9
992,20
993,15
994,21
995,19
996,13
997,19
998,21
999,15
