node,community
0,22
1,20
2,10
3,16
4,4
5,17
6,17
7,2
8,10
9,5
10,6
11,19
12,20
13,4
14,15
15,12
16,10
17,0
18,0
19,14
20,21
21,7
22,9
23,23
24,23
25,16
26,23
27,5
28,23
29,0
30,10
31,12
32,5
33,23
34,7
35,19
36,5
37,1
38,5
39,17
40,10
41,3
42,16
43,16
44,14
45,3
46,3
47,1
48,11
49,17
50,14
51,5
52,16
53,16
54,11
55,9
56,23
57,15
58,9
59,3
60,13
61,7
62,10
63,10
64,10
65,7
66,14
67,10
68,22
69,0
70,3
71,15
72,13
73,15
74,14
75,23
76,5
77,5
78,16
79,0
80,15
81,9
82,10
83,4
84,1
85,23
86,6
87,22
88,17
89,15
90,12
91,16
92,6
93,14
94,1
95,8
96,2
97,12
98,0
99,10
100,4
101,20
102,10
103,3
104,17
105,0
106,9
107,10
108,5
109,5
110,2
111,17
112,7
113,12
114,7
115,10
116,7
117,2
118,23
119,18
120,17
121,0
122,19
123,16
124,15
125,0
126,16
127,23
128,23
129,13
130,16
131,19
132,19
133,10
134,15
135,13
136,3
137,10
138,10
139,11
140,10
141,4
142,7
143,23
144,16
145,8
146,11
147,1
148,23
149,17
150,5
151,18
152,3
153,10
154,1
155,15
156,15
157,18
158,22
159,19
160,23
161,22
162,10
163,19
164,14
165,13
166,6
167,13
168,3
169,0
170,10
171,5
172,15
173,23
174,10
175,18
176,5
177,16
178,23
179,10
180,14
181,14
182,2
183,0
184,14
185,1
186,17
187,15
188,16
189,0
190,15
191,15
192,5
193,3
194,16
195,3
196,2
197,14
198,10
199,8
200,20
201,1
202,5
203,2
204,20
205,10
206,16
207,15
208,20
209,8
210,15
211,9
212,19
213,5
214,9
215,22
216,9
217,15
218,13
219,21
220,22
221,3
222,8
223,10
224,23
225,10
226,20
227,21
228,9
229,5
230,10
231,14
232,22
233,11
234,13
235,13
236,4
237,5
238,1
239,12
240,9
241,14
242,0
243,1
244,0
245,10
246,23
247,8
248,14
249,16
250,10
251,10
252,10
253,22
254,9
255,10
256,6
257,16
258,11
259,23
260,3
261,20
262,8
263,10
264,0
265,23
266,5
267,12
268,3
269,7
270,14
271,11
272,2
273,4
274,3
275,10
276,23
277,17
278,21
279,15
280,10
281,9
282,2
283,16
284,18
285,10
286,10
287,2
288,16
289,5
290,19
291,10
292,17
293,21
294,6
295,4
296,15
297,19
298,15
299,20
300,16
301,5
302,12
303,14
304,3
305,8
306,21
307,16
308,4
309,16
310,20
311,15
312,9
313,14
314,17
315,4
316,18
317,23
318,0
319,18
320,10
321,9
322,7
323,3
324,13
325,16
326,21
327,20
328,7
329,17
330,10
331,6
332,17
333,22
334,7
335,16
336,23
337,9
338,17
339,15
340,17
341,15
342,23
343,4
344,7
345,5
346,2
347,2
348,16
349,10
350,23
351,10
352,10
353,15
354,17
355,2
356,7
357,16
358,15
359,17
360,5
361,23
362,14
363,9
364,10
365,5
366,12
367,15
368,8
369,11
370,8
371,6
372,17
373,16
374,0
375,3
376,8
377,20
378,15
379,23
380,3
381,15
382,5
383,10
384,10
385,9
386,4
387,2
388,16
389,22
390,17
391,17
392,18
393,23
394,17
395,4
396,17
397,5
398,18
399,22
400,23
401,1
402,4
403,9
404,0
405,2
406,15
407,16
408,19
409,16
410,16
411,15
412,4
413,14
414,18
415,1
416,11
417,16
418,19
419,4
420,16
421,15
422,16
423,17
424,19
425,18
426,23
427,0
428,22
429,16
430,1
431,16
432,20
433,8
434,1
435,5
436,14
437,1
438,16
439,13
440,15
441,16
442,5
443,13
444,10
445,5
446,20
447,3
448,18
449,8
450,10
451,5
452,16
453,3
454,23
455,7
456,3
457,15
458,3
459,5
460,13
461,7
462,1
463,7
464,16
465,6
466,19
467,23
468,12
469,16
470,12
471,20
472,19
473,8
474,15
475,6
476,4
477,23
478,23
479,21
480,5
481,15
482,20
483,0
484,22
485,10
486,23
487,23
488,13
489,13
490,13
491,8
492,5
493,14
494,16
495,18
496,3
497,17
498,0
499,5
500,16
501,17
502,13
503,5
504,23
505,1
506,15
507,11
508,0
509,17
510,4
511,15
512,10
513,22
514,14
515,10
516,23
517,3
518,20
519,16
520,14
521,21
522,18
523,12
524,12
525,3
526,3
527,23
528,6
529,12
530,1
531,14
532,11
533,10
534,18
535,23
536,0
537,10
538,3
539,14
540,4
541,5
542,1
543,19
544,20
545,8
546,9
547,18
548,17
549,3
550,13
551,6
552,19
553,16
554,3
555,22
556,23
557,2
558,16
559,8
560,16
561,21
562,2
563,21
564,18
565,14
566,3
567,21
568,17
569,15
570,16
571,3
572,4
573,23
574,13
575,9
576,20
577,23
578,9
579,16
580,0
581,10
582,1
583,16
584,14
585,23
586,1
587,13
588,9
589,16
590,19
591,2
592,14
593,7
594,10
595,10
596,16
597,13
598,23
599,23
600,10
601,14
602,1
603,3
604,13
605,10
606,18
607,14
608,16
609,4
610,7
611,14
612,12
613,8
614,15
615,11
616,22
617,15
618,11
619,23
620,10
621,15
622,0
623,13
624,10
625,5
626,4
627,13
628,23
629,4
630,18
631,4
632,4
633,19
634,0
635,6
636,15
637,23
638,23
639,8
640,23
641,23
642,10
643,20
644,5
645,20
646,10
647,23
648,3
649,22
650,0
651,1
652,21
653,17
654,7
655,5
656,3
657,13
658,20
659,14
660,17
661,10
662,10
663,23
664,22
665,7
666,5
667,7
668,23
669,16
670,2
671,16
672,7
673,9
674,18
675,2
676,5
677,8
678,20
679,10
680,8
681,16
682,0
683,22
684,23
685,3
686,4
687,15
688,11
689,6
690,17
691,17
692,9
693,18
694,9
695,2
696,10
697,21
698,23
699,23
700,15
701,2
702,5
703,12
704,13
705,10
706,21
707,17
708,1
709,19
710,23
711,20
712,7
713,17
714,23
715,22
716,14
717,21
718,10
719,10
720,7
721,14
722,17
723,15
724,7
725,19
726,5
727,3
728,7
729,3
730,11
731,23
732,23
733,16
734,23
735,3
736,16
737,15
738,3
739,1
740,4
741,10
742,10
743,13
744,23
745,0
746,7
747,18
748,10
749,23
750,0
751,17
752,5
753,3
754,1
755,23
756,20
757,3
758,16
759,17
760,6
761,23
762,8
763,10
764,22
765,14
766,15
767,1
768,13
769,3
770,23
771,15
772,19
773,3
774,20
775,9
776,23
777,10
778,18
779,16
780,16
781,12
782,20
783,6
784,12
785,9
786,21
787,14
788,20
789,11
790,5
791,4
792,16
793,0
794,19
795,11
796,22
797,5
798,16
799,0
800,23
801,2
802,11
803,1
804,15
805,12
806,13
807,2
808,0
809,2
810,9
811,7
812,10
813,5
814,22
815,0
816,4
817,18
818,10
819,1
820,5
821,13
822,1
823,1
824,23
825,0
826,3
827,17
828,10
829,10
830,8
831,10
832,16
833,5
834,6
835,2
836,3
837,19
838,21
839,16
840,2
841,9
842,3
843,20
844,16
845,16
846,3
847,3
848,10
849,11
850,0
851,4
852,6
853,22
854,10
855,11
856,16
857,17
858,7
859,18
860,6
861,9
862,23
863,6
864,19
865,5
866,22
867,2
868,21
869,14
870,9
871,2
872,2
873,21
874,10
875,15
876,15
877,17
878,19
879,16
880,0
881,7
882,1
883,13
884,7
885,17
886,17
887,14
888,23
889,0
890,23
891,15
892,16
893,21
894,5
895,7
896,14
897,7
898,2
899,13
900,8
901,4
902,10
903,7
904,10
905,18
906,22
907,3
908,6
909,22
910,1
911,12
912,0
913,10
914,15
915,15
916,16
917,0
918,18
919,3
920,16
921,23
922,7
923,18
924,16
925,17
926,23
927,4
928,16
929,1
930,23
931,3
932,23
933,4
934,14
935,3
936,5
937,4
938,19
939,8
940,16
941,9
942,10
943,5
944,15
945,5
946,4
947,18
948,10
949,16
950,11
951,16
952,1
953,16
954,14
955,2
956,0
957,4
958,23
959,15
960,6
961,23
962,19
963,10
964,17
965,4
966,13
967,23
968,16
969,12
970,16
971,16
972,13
973,0
974,8
975,12
976,21
977,13
978,0
979,22
980,5
981,21
982,23
983,18
984,22
985,20
986,0
987,10
988,10
989,3
990,13
991,18
992,2
993,14
994,10
995,20
996,14
997,15
998,22
999,16
