u,v
0,225
0,391
0,455
0,670
0,906
0,969
1,271
1,283
1,323
1,546
1,617
1,719
1,788
1,797
1,908
1,967
2,121
2,274
2,329
2,467
2,582
2,875
3,112
3,251
3,399
3,552
3,567
3,732
3,946
4,168
4,193
4,212
4,248
4,364
4,639
4,731
4,981
5,88
5,215
5,230
5,243
5,476
5,524
5,586
5,660
5,723
5,801
5,873
6,21
6,55
6,102
6,125
6,137
6,164
6,172
6,260
6,261
6,270
6,428
6,431
6,436
6,447
6,543
6,580
6,589
6,596
6,608
6,611
6,619
6,663
6,677
6,688
6,701
6,755
6,767
6,852
6,877
6,888
6,896
6,905
6,918
6,952
7,26
7,349
7,401
7,425
7,485
7,553
7,620
7,659
7,783
7,902
7,944
7,949
8,250
8,300
8,379
8,850
8,862
8,976
9,257
9,386
9,617
9,637
9,650
9,895
10,203
10,338
10,343
10,438
10,696
10,717
10,795
10,891
11,412
11,502
11,593
11,702
11,775
11,863
12,52
12,56
12,187
12,279
12,674
12,691
13,95
13,179
13,282
13,467
13,830
13,900
13,928
14,301
14,387
14,462
14,606
14,619
14,868
15,346
15,551
15,565
15,573
15,744
15,801
15,873
16,77
16,329
16,381
16,492
16,582
16,621
16,678
16,740
16,755
16,758
16,863
16,977
16,984
17,18
17,100
17,117
17,143
17,202
17,209
17,509
17,519
17,565
17,641
17,715
17,769
17,828
17,946
17,976
18,235
18,354
18,401
18,433
18,450
18,453
18,492
18,699
18,705
18,758
19,48
19,285
19,290
19,453
19,644
19,657
20,108
20,160
20,171
20,198
20,492
20,638
20,803
20,876
20,890
20,925
21,43
21,132
21,172
21,183
21,243
21,247
21,265
21,297
21,327
21,387
21,400
21,441
21,507
21,591
21,709
21,711
21,760
21,766
21,850
21,864
21,930
21,931
21,960
21,961
21,986
22,72
22,86
22,89
22,118
22,134
22,192
22,292
22,652
22,710
22,795
22,823
22,841
22,891
23,175
23,321
23,327
23,449
23,551
23,662
23,885
23,983
24,30
24,39
24,358
24,473
24,581
24,647
24,703
24,731
24,810
24,853
25,44
25,166
25,271
25,290
25,390
25,408
25,435
25,680
25,796
25,918
25,940
25,982
26,72
26,176
26,380
26,513
26,841
27,295
27,689
27,842
27,880
27,939
27,948
27,957
28,58
28,144
28,234
28,340
28,382
28,384
28,465
28,600
28,622
28,635
28,750
28,812
28,820
28,891
28,897
29,196
29,298
29,311
29,545
29,579
29,750
29,789
30,168
30,265
30,358
30,493
30,559
30,581
30,975
31,187
31,257
31,320
31,331
31,770
31,895
32,63
32,210
32,273
32,703
32,815
32,946
33,42
33,123
33,149
33,172
33,250
33,265
33,281
33,507
33,591
33,744
33,766
33,781
33,818
33,846
33,960
34,48
34,146
34,231
34,248
34,306
34,398
34,428
34,648
34,721
34,738
34,838
35,71
35,106
35,208
35,225
35,292
35,380
35,505
35,625
35,667
35,670
35,765
36,38
36,129
36,193
36,539
36,581
36,675
36,762
36,977
37,255
37,343
37,500
37,617
37,656
37,797
37,817
37,900
38,129
38,168
38,224
38,243
38,364
38,479
38,494
38,559
38,633
38,739
38,808
38,911
38,985
38,998
39,49
39,62
39,111
39,144
39,158
39,251
39,267
39,297
39,320
39,325
39,378
39,386
39,397
39,411
39,532
39,569
39,636
39,640
39,747
39,752
39,807
39,814
39,831
39,832
39,837
39,854
39,895
39,919
39,921
39,948
39,964
39,992
40,109
40,194
40,244
40,286
40,702
40,937
40,963
40,993
41,225
41,310
41,616
41,759
41,817
41,903
41,996
42,75
42,515
42,581
42,666
42,667
42,903
43,73
43,123
43,250
43,387
43,591
43,781
43,971
44,166
44,290
44,328
44,363
44,365
44,380
44,390
44,561
44,672
44,713
44,775
44,796
44,847
44,855
44,856
44,875
44,982
45,236
45,312
45,318
45,468
45,474
45,508
45,560
45,565
45,567
45,612
45,629
45,630
45,684
45,732
45,787
45,791
45,812
45,889
45,947
46,327
46,351
46,539
46,709
46,885
46,936
46,960
47,74
47,81
47,113
47,155
47,192
47,258
47,296
47,336
47,379
47,493
47,530
47,710
47,891
47,928
48,542
48,644
48,752
48,843
48,865
48,974
49,348
49,420
49,686
49,726
49,907
49,964
50,74
50,106
50,347
50,526
50,836
50,845
50,920
51,154
51,254
51,358
51,442
51,577
51,745
52,376
52,535
52,624
52,746
52,815
52,842
52,920
53,87
53,122
53,224
53,439
53,473
53,585
54,406
54,449
54,489
54,522
54,535
54,539
54,662
54,785
54,819
54,983
55,131
55,348
55,447
55,586
55,589
55,688
56,71
56,158
56,191
56,216
56,244
56,253
56,256
56,299
56,314
56,491
56,568
56,636
56,706
56,727
56,842
56,848
56,853
56,922
56,923
56,932
57,280
57,341
57,610
57,648
57,673
57,721
57,738
57,830
57,965
58,144
58,202
58,465
58,528
58,693
58,750
58,860
59,121
59,282
59,492
59,643
59,705
59,758
59,987
60,91
60,165
60,175
60,182
60,250
60,265
60,301
60,324
60,475
60,504
60,507
60,578
60,603
60,681
60,761
60,797
60,860
60,864
60,884
60,960
61,130
61,514
61,740
61,758
61,803
61,909
61,940
61,949
61,969
62,110
62,158
62,325
62,699
62,814
63,372
63,556
63,742
63,874
63,988
64,202
64,273
64,795
64,823
64,843
64,850
65,207
65,406
65,449
65,764
65,869
65,983
66,328
66,391
66,453
66,535
66,568
66,594
66,640
66,742
66,782
66,879
66,957
67,88
67,223
67,469
67,476
67,526
67,586
67,671
67,801
67,869
67,873
68,206
68,354
68,360
68,437
68,520
68,549
68,587
68,605
68,643
68,776
68,795
68,860
69,139
69,140
69,141
69,319
69,449
69,539
69,750
69,821
69,961
70,317
70,386
70,550
70,686
70,807
70,910
71,112
71,280
71,568
71,692
71,712
71,842
71,923
72,95
72,140
72,467
72,566
72,587
72,634
72,661
72,705
72,748
72,776
72,891
72,900
73,196
73,225
73,292
73,670
73,961
74,396
74,625
74,759
74,795
75,107
75,225
75,434
75,515
75,595
75,625
75,719
75,728
75,848
76,127
76,260
76,735
76,781
76,862
76,915
77,147
77,177
77,206
77,250
77,282
77,338
77,349
77,354
77,362
77,488
77,499
77,574
77,629
77,666
77,687
77,705
77,740
77,758
77,789
77,838
77,863
77,909
77,938
77,949
77,977
77,999
78,330
78,342
78,586
78,671
78,801
78,845
78,873
79,171
79,329
79,342
79,375
79,553
79,705
79,740
79,773
80,111
80,251
80,290
80,411
80,814
80,841
80,895
80,907
80,992
81,168
81,223
81,463
81,467
81,748
81,795
82,234
82,467
82,482
82,718
82,727
82,750
83,275
83,340
83,737
83,775
83,898
83,929
83,943
84,349
84,498
84,571
84,599
84,863
84,938
85,134
85,426
85,437
85,795
85,915
85,918
86,126
86,127
86,150
86,360
86,415
86,463
86,795
86,863
86,935
86,995
87,117
87,273
87,474
87,869
87,946
88,223
88,346
88,437
88,476
88,586
88,894
88,987
89,131
89,663
89,946
89,952
89,958
90,189
90,296
90,355
90,444
90,499
90,534
90,748
90,779
91,196
91,421
91,670
91,704
91,785
92,232
92,322
92,484
92,537
92,620
92,767
92,994
93,104
93,129
93,229
93,232
93,369
93,385
93,388
93,517
93,525
93,620
93,767
93,950
94,114
94,168
94,171
94,196
94,347
94,498
94,705
94,803
94,949
95,118
95,192
95,213
95,228
95,275
95,403
95,444
95,453
95,463
95,472
95,483
95,566
95,604
95,605
95,700
95,730
95,745
95,748
95,762
95,796
95,811
95,826
95,841
95,849
95,891
95,935
96,146
96,282
96,285
96,306
96,341
96,361
96,368
96,427
96,506
96,552
96,574
96,764
96,780
96,824
96,878
96,978
97,238
97,453
97,618
97,636
97,692
97,842
97,881
97,939
97,949
97,959
98,284
98,285
98,427
98,503
98,661
98,878
99,194
99,333
99,358
99,375
99,503
99,521
99,545
99,639
99,844
99,893
99,911
99,927
100,103
100,117
100,162
100,210
100,230
100,272
100,273
100,287
100,302
100,471
100,506
100,514
100,525
100,560
100,563
100,609
100,613
100,665
100,676
100,743
100,748
100,780
100,786
100,791
100,947
101,181
101,236
101,412
101,459
101,468
101,475
101,509
101,511
101,514
101,557
101,694
101,791
101,799
101,946
102,217
102,293
102,424
102,579
102,900
103,222
103,540
103,618
103,626
103,801
104,181
104,385
104,487
104,517
104,537
104,674
104,825
104,950
105,161
105,250
105,571
105,618
105,674
105,692
105,717
105,734
105,923
106,119
106,130
106,135
106,142
106,214
106,351
106,477
106,524
106,526
106,558
106,570
106,679
106,698
106,741
106,836
106,858
106,861
106,871
106,920
106,953
106,996
107,196
107,292
107,303
107,311
107,314
107,423
107,434
107,505
107,514
107,545
107,605
107,632
107,636
107,638
107,719
107,817
107,848
108,160
108,270
108,316
108,668
108,699
108,758
108,842
108,938
109,417
109,612
109,673
109,702
109,733
109,737
109,775
109,929
109,937
109,939
109,963
110,139
110,219
110,351
110,449
110,662
110,736
110,926
111,469
111,532
111,752
111,770
111,807
111,839
111,854
111,880
111,887
112,142
112,201
112,210
112,273
112,318
112,412
112,565
112,791
112,802
112,828
112,973
113,203
113,396
113,423
113,463
113,516
113,740
113,891
114,281
114,282
114,329
114,726
114,740
115,174
115,208
115,225
115,293
115,310
115,315
115,545
115,638
115,651
115,719
115,906
115,969
115,983
115,990
116,124
116,182
116,199
116,313
116,588
116,725
117,171
117,210
117,236
117,273
117,294
117,342
117,358
117,412
117,474
117,510
117,691
117,756
117,843
117,873
117,975
118,134
118,242
118,497
118,748
118,891
118,896
118,995
119,135
119,329
119,570
119,774
119,805
119,836
119,941
120,217
120,494
120,662
120,749
120,772
120,821
121,147
121,157
121,171
121,329
121,488
121,553
121,587
121,740
121,750
121,863
121,876
121,904
121,979
121,999
122,319
122,448
122,539
122,571
122,842
122,883
122,988
123,132
123,155
123,250
123,313
123,344
123,504
123,591
123,781
124,204
124,213
124,260
124,268
124,313
124,334
124,335
124,372
124,393
124,424
124,440
124,538
124,623
124,635
124,724
124,742
124,769
124,800
124,874
124,917
125,349
125,580
125,596
125,652
125,877
126,140
126,228
126,263
126,770
126,841
127,167
127,277
127,298
127,343
127,357
127,359
127,430
127,716
127,797
128,174
128,292
128,310
128,598
128,616
128,619
128,719
128,848
128,872
129,240
129,449
129,470
129,473
129,581
129,687
129,985
130,488
130,678
130,705
130,940
130,998
131,151
131,227
131,261
131,270
131,431
131,446
131,447
131,477
131,543
131,580
131,596
131,619
131,701
131,765
131,767
131,891
131,905
131,918
131,984
132,172
132,291
132,379
132,389
132,441
132,495
132,709
132,816
133,139
133,141
133,188
133,219
133,274
133,449
133,588
133,608
133,785
133,836
133,887
133,912
134,192
134,203
134,275
134,336
134,497
134,515
134,534
134,581
134,710
134,779
134,811
134,827
135,214
135,303
135,526
135,557
135,570
135,784
135,858
136,181
136,190
136,468
136,563
136,776
136,806
136,815
136,971
137,447
137,543
137,590
137,701
137,970
138,468
138,636
138,751
138,809
138,910
138,949
139,327
139,449
139,585
139,590
139,601
139,657
139,785
139,834
139,840
139,942
139,961
140,631
140,841
140,849
140,900
141,327
141,358
141,406
141,449
141,522
141,819
141,966
141,983
142,205
142,326
142,337
142,799
143,230
143,342
143,468
143,560
143,569
143,875
143,947
144,178
144,234
144,382
144,384
144,451
144,516
144,528
144,614
144,718
144,750
144,790
144,805
144,820
144,897
145,204
145,208
145,310
145,434
145,545
145,625
145,638
145,719
145,788
146,150
146,186
146,247
146,410
146,427
146,529
146,542
146,555
146,610
146,611
146,650
146,655
146,738
146,968
147,349
147,603
147,740
147,758
147,819
147,949
148,192
148,233
148,392
148,395
148,631
148,649
148,663
148,697
148,794
148,802
148,830
148,869
148,956
148,957
149,170
149,363
149,366
149,380
149,390
149,500
149,615
149,680
149,713
149,745
149,847
150,159
150,231
150,248
150,264
150,296
150,306
150,389
150,446
150,610
150,644
150,655
150,657
150,753
150,764
150,804
150,878
150,974
151,320
151,493
151,639
151,647
151,703
151,893
151,911
152,497
152,658
152,677
152,699
152,784
152,891
153,213
153,260
153,268
153,313
153,334
153,725
153,742
153,776
153,840
154,259
154,358
154,503
154,683
154,758
154,945
154,979
155,175
155,250
155,301
155,400
155,591
155,740
155,884
156,246
156,411
156,513
156,686
156,752
156,895
156,970
157,224
157,575
157,802
157,844
157,923
158,386
158,439
158,532
158,698
158,752
158,807
158,814
158,854
159,690
159,738
159,928
159,949
159,978
160,283
160,329
160,333
160,488
160,699
160,705
160,971
160,999
161,231
161,244
161,328
161,463
161,618
162,298
162,457
162,633
162,638
162,704
162,789
163,282
163,559
163,630
163,646
163,739
163,927
164,349
164,408
164,436
164,701
164,896
165,198
165,501
165,539
165,551
165,564
165,614
165,662
165,785
165,968
166,170
166,199
166,228
166,318
166,327
166,363
166,365
166,366
166,371
166,377
166,380
166,390
166,405
166,408
166,413
166,490
166,518
166,529
166,549
166,561
166,606
166,616
166,672
166,680
166,713
166,745
166,796
166,829
166,855
166,856
166,933
166,955
166,982
167,323
167,344
167,656
167,841
167,902
168,240
168,276
168,358
168,470
168,927
169,390
169,527
169,626
169,649
169,697
169,956
170,380
170,435
170,665
170,713
170,879
171,206
171,282
171,354
171,362
171,401
171,444
171,478
171,488
171,512
171,543
171,607
171,627
171,705
171,758
171,949
172,176
172,183
172,265
172,449
172,591
172,645
172,681
172,709
172,846
172,850
172,868
173,517
173,649
173,809
173,830
173,869
173,956
174,670
174,675
174,789
174,848
174,902
175,324
175,475
175,504
175,645
175,668
175,881
175,884
175,960
176,179
176,258
176,275
176,534
176,566
176,587
176,644
176,668
176,748
176,763
176,779
176,891
176,892
176,900
176,928
177,180
177,329
177,401
177,700
177,838
177,949
177,979
178,382
178,411
178,451
178,600
178,635
178,718
178,748
178,820
179,460
179,467
179,696
179,841
179,851
179,860
180,424
180,462
180,740
180,758
180,803
181,190
181,207
181,342
181,399
181,434
181,508
181,510
181,514
181,780
181,815
181,870
181,973
181,975
182,210
182,291
182,297
182,441
182,846
182,960
182,976
183,263
183,297
183,630
183,960
184,189
184,235
184,412
184,416
184,714
184,776
185,210
185,236
185,331
185,342
185,365
185,402
185,506
185,514
185,815
186,356
186,555
186,673
186,737
186,978
187,624
187,923
187,939
187,984
188,449
188,464
188,501
188,586
188,891
189,242
189,497
189,540
189,544
189,652
189,696
189,763
189,891
189,892
189,927
190,230
190,272
190,468
190,574
190,626
190,780
190,803
190,890
190,973
191,227
191,447
191,589
191,596
191,677
191,844
192,208
192,220
192,307
192,338
192,410
192,415
192,428
192,632
192,653
192,696
192,748
192,779
192,841
192,882
192,886
192,891
193,266
193,331
193,339
193,503
193,519
193,536
193,559
193,581
193,746
193,926
194,211
194,416
194,639
194,647
194,682
194,716
194,924
194,998
195,292
195,632
195,638
195,817
195,836
195,944
196,204
196,208
196,310
196,311
196,434
196,460
196,472
196,545
196,638
196,651
196,670
196,793
196,821
196,873
196,929
196,969
197,236
197,253
197,432
197,727
197,837
197,842
198,313
198,327
198,926
198,942
199,328
199,332
199,777
199,950
200,223
200,267
200,621
200,684
200,744
200,845
201,210
201,222
201,387
201,514
201,540
201,546
201,691
201,990
202,312
202,412
202,656
203,228
203,258
203,307
203,310
203,437
203,643
203,645
203,685
203,700
203,710
203,779
203,968
204,225
204,310
204,350
204,423
204,460
204,545
204,638
204,666
204,719
204,801
204,848
205,214
205,284
205,367
205,524
205,774
205,805
205,855
205,920
206,269
206,481
206,751
206,783
206,809
206,895
207,274
207,327
207,449
207,549
207,597
207,849
208,292
208,310
208,311
208,413
208,457
208,545
208,598
208,651
208,667
208,670
208,692
208,713
208,719
208,792
208,793
208,848
208,870
209,367
209,540
209,563
209,828
209,991
210,222
210,236
210,262
210,331
210,365
210,407
210,474
210,514
210,555
210,565
210,756
210,757
210,815
210,910
210,946
210,963
210,975
210,990
211,272
211,429
211,544
211,639
211,703
211,899
212,482
212,561
212,646
212,945
212,967
213,275
213,313
213,372
213,742
214,399
214,462
214,526
214,558
214,638
214,679
214,741
214,799
214,836
214,845
214,861
215,432
215,535
215,674
215,717
215,842
215,916
216,219
216,239
216,391
216,628
216,640
216,705
216,881
216,923
216,966
217,424
217,429
217,430
217,494
217,608
217,778
217,785
217,872
218,351
218,449
218,614
218,646
218,662
218,898
218,926
218,930
219,351
219,449
219,800
219,926
220,336
220,376
220,467
220,496
220,595
220,653
220,885
220,935
221,374
221,419
221,427
221,430
221,443
221,822
222,412
222,469
222,550
222,823
222,978
223,252
223,295
223,586
223,621
223,660
223,671
223,689
223,744
223,801
223,873
224,535
224,802
224,877
224,923
225,292
225,311
225,314
225,315
225,350
225,380
225,423
225,460
225,509
225,545
225,547
225,584
225,670
225,719
225,955
226,358
226,429
226,470
226,503
226,559
226,571
226,754
226,844
226,893
227,481
227,545
227,596
227,701
227,896
228,242
228,311
228,360
228,463
228,483
228,696
228,730
228,891
228,900
228,923
228,935
229,232
229,385
229,401
229,487
229,525
229,563
229,577
229,620
229,637
229,825
230,273
230,302
230,412
230,653
230,780
230,787
231,464
231,610
231,878
232,322
232,369
232,487
232,525
232,526
232,620
232,753
232,924
232,950
233,485
233,740
233,830
233,956
233,957
234,592
234,622
234,750
234,830
235,426
235,566
235,652
235,797
235,935
236,273
236,393
236,508
236,565
236,790
236,990
237,402
237,485
237,553
237,588
237,699
237,705
237,740
237,940
238,439
238,501
238,585
238,618
238,674
238,717
238,881
238,939
238,974
239,568
239,585
239,717
239,863
239,983
240,447
240,493
240,900
240,998
241,317
241,532
241,624
241,747
241,839
241,867
242,275
242,497
242,634
242,653
242,994
243,346
243,586
243,873
244,328
244,568
244,910
244,923
245,253
245,259
245,289
245,349
245,454
245,485
245,521
245,581
245,629
245,678
245,721
245,751
245,803
245,809
245,813
245,949
246,310
246,392
246,395
246,455
246,495
246,518
246,649
246,794
246,830
246,956
246,957
247,265
247,376
247,441
247,591
248,555
248,610
248,673
248,721
248,757
248,878
248,974
248,977
249,389
249,486
249,553
249,690
249,721
249,878
249,978
250,291
250,297
250,373
250,507
250,541
250,709
250,711
250,761
250,766
250,881
250,884
250,954
250,986
250,990
250,996
251,317
251,569
251,754
252,346
252,353
252,406
252,440
252,469
252,480
252,523
252,545
252,586
252,621
252,660
252,744
252,873
252,987
252,998
253,427
253,568
253,618
253,689
253,727
253,842
253,932
253,949
254,358
254,479
254,544
254,552
254,581
254,646
254,682
254,695
254,979
255,334
255,343
255,357
255,486
255,797
256,419
256,486
256,568
256,636
256,842
256,846
256,966
257,348
257,380
257,637
257,686
257,747
257,964
258,291
258,307
258,496
258,504
258,900
259,484
259,705
259,740
259,832
259,901
260,335
260,538
260,708
261,270
261,447
261,596
261,767
261,830
261,918
262,312
262,316
262,626
262,766
262,812
262,889
263,455
263,527
263,649
263,830
263,853
263,956
263,957
264,294
264,403
264,427
264,545
264,552
264,601
264,655
264,695
264,804
264,878
264,892
264,929
264,972
264,978
264,980
265,281
265,297
265,298
265,329
265,387
265,400
265,504
265,519
265,576
265,578
265,591
265,603
265,996
266,358
266,575
266,576
266,893
266,911
267,348
267,355
267,411
267,694
268,328
268,742
268,857
268,965
269,273
269,350
269,699
269,755
269,909
270,428
270,436
270,447
270,454
270,543
270,596
270,619
270,731
270,767
270,905
271,359
271,797
271,913
271,915
272,273
272,302
272,312
272,498
272,565
272,626
272,791
272,815
272,823
272,906
273,312
273,331
273,356
273,361
273,402
273,459
273,471
273,506
273,531
273,540
273,550
273,560
273,563
273,564
273,665
273,676
273,680
273,733
273,743
273,775
273,787
273,796
273,806
273,815
273,828
273,884
273,904
273,946
273,971
274,327
274,346
274,406
274,449
274,461
274,564
274,821
274,840
274,843
274,877
274,887
274,936
274,961
275,604
275,643
275,710
275,730
276,339
276,346
276,470
276,739
276,973
277,283
277,323
277,343
277,344
277,387
277,489
277,562
277,656
277,680
277,716
277,758
277,797
277,855
277,862
277,899
277,917
278,361
278,369
278,403
278,489
278,610
278,721
278,972
278,978
279,347
279,349
279,353
279,949
279,977
280,358
280,568
280,734
280,842
281,541
281,681
281,864
281,884
281,917
281,976
282,329
282,349
282,429
282,498
282,574
282,705
282,758
282,803
282,910
282,938
282,949
282,999
283,343
283,357
283,656
283,820
283,862
284,343
284,489
284,546
284,562
284,584
285,345
285,410
285,637
285,978
286,466
286,639
286,690
286,737
286,768
286,929
287,460
287,515
287,598
287,670
287,671
287,765
287,848
287,906
288,358
288,479
288,503
288,669
288,888
288,926
289,485
289,693
289,705
289,795
289,875
290,390
290,408
290,561
291,297
291,387
291,591
291,635
291,722
291,818
291,933
292,314
292,315
292,362
292,434
292,591
292,638
292,667
292,761
292,765
292,870
293,424
293,443
293,492
293,494
294,422
294,601
294,673
294,878
295,586
295,730
295,801
295,873
296,730
296,759
296,788
297,301
297,324
297,379
297,475
297,508
297,533
297,645
297,781
297,850
297,868
297,941
297,976
298,719
298,793
299,391
299,842
299,848
299,859
299,962
300,353
300,437
300,586
300,621
300,650
300,729
300,801
300,873
301,379
301,541
301,591
301,815
301,884
301,946
302,356
302,481
302,557
302,567
302,843
303,799
303,871
303,925
303,941
304,336
304,371
304,468
304,472
304,748
304,795
304,849
304,935
304,995
305,369
305,517
305,537
305,620
305,651
305,676
305,777
305,950
305,962
305,994
306,307
306,382
306,403
306,555
306,644
306,721
306,764
306,822
307,396
307,415
307,437
307,463
307,474
308,328
308,340
308,417
308,456
308,768
308,913
308,916
308,929
308,943
309,546
309,819
309,821
309,840
309,926
309,982
310,311
310,573
310,632
310,719
310,723
310,765
310,848
311,434
311,589
311,610
311,704
311,719
311,870
311,914
312,322
312,390
312,402
312,506
312,757
313,372
313,393
313,562
313,588
313,623
313,708
313,724
313,742
313,791
313,874
314,434
314,625
314,666
314,817
315,598
315,706
315,757
315,848
316,454
316,758
316,935
316,999
317,797
317,895
317,970
317,981
318,356
318,790
318,973
319,406
319,551
319,662
319,774
319,785
319,792
319,819
319,885
320,695
320,814
320,895
321,327
321,464
321,558
321,785
321,843
321,983
322,525
322,922
322,962
323,343
323,562
323,797
323,848
323,934
324,620
324,709
324,803
325,397
325,411
325,568
325,651
326,370
326,480
326,679
326,698
326,858
327,406
327,449
327,464
327,487
327,549
327,551
327,568
327,572
327,590
327,736
327,785
327,792
327,821
327,887
327,912
327,926
327,930
327,942
327,964
327,983
328,404
328,535
328,568
328,636
328,728
328,746
328,939
328,948
328,951
329,362
329,492
329,705
329,754
329,795
329,894
329,999
330,523
330,568
330,586
330,650
330,671
330,801
330,987
331,342
331,694
331,787
331,823
331,946
331,981
332,386
332,511
332,537
332,950
332,994
333,740
333,825
333,863
333,910
333,925
334,393
334,440
334,538
334,588
334,623
334,800
334,857
334,884
334,938
335,393
335,447
335,742
335,804
335,874
336,338
336,559
336,591
337,349
337,454
337,547
337,742
337,758
337,809
338,415
338,581
338,795
338,811
338,900
339,434
339,493
339,691
339,981
340,502
340,599
340,737
340,775
340,929
340,993
341,431
341,610
341,738
341,864
342,514
342,565
342,691
342,815
342,823
342,971
343,344
343,357
343,359
343,394
343,461
343,489
343,500
343,527
343,546
343,551
343,554
343,562
343,565
343,590
343,617
343,656
343,716
343,735
343,771
343,788
343,797
343,862
343,899
343,908
343,917
344,617
344,797
344,822
344,917
345,535
345,568
345,594
345,712
345,813
345,923
345,932
346,480
346,586
346,801
346,873
347,370
347,478
347,591
347,696
347,707
347,758
347,875
347,910
347,925
347,949
347,999
348,466
348,895
348,919
348,921
348,991
349,375
349,388
349,492
349,504
349,512
349,555
349,564
349,574
349,629
349,715
349,755
349,875
349,904
349,910
349,925
349,999
350,449
350,670
350,817
351,368
351,449
351,549
351,642
351,662
351,678
351,912
351,983
352,370
352,495
352,527
352,720
352,740
352,794
352,830
352,956
352,957
353,358
353,586
353,801
354,358
354,388
354,425
354,629
354,705
354,902
355,729
355,752
355,970
355,991
356,550
356,808
357,359
357,735
357,797
357,804
358,364
358,381
358,429
358,442
358,473
358,521
358,543
358,544
358,559
358,572
358,629
358,633
358,646
358,664
358,703
358,739
358,762
358,808
358,858
358,867
358,911
358,945
358,967
358,980
358,981
358,997
358,998
359,435
359,489
359,546
359,554
359,610
359,735
359,797
359,908
359,917
359,934
359,992
360,415
360,451
360,685
360,738
360,795
361,409
361,601
361,648
361,673
361,911
361,974
362,813
362,909
362,914
363,529
363,732
363,836
364,494
364,559
364,687
364,747
365,414
365,518
365,680
365,713
365,796
365,797
365,982
366,390
366,411
366,414
366,561
366,713
366,955
367,393
367,524
367,799
367,836
367,861
368,610
368,676
368,690
368,959
369,517
369,525
369,537
369,618
369,620
370,485
370,668
370,890
370,949
371,377
371,380
371,390
371,518
371,713
371,715
371,847
371,850
371,982
372,405
372,509
372,556
372,708
372,742
372,874
372,889
373,400
373,578
373,649
373,709
373,844
374,424
374,430
374,443
374,490
374,494
374,499
374,579
374,608
374,619
374,691
374,749
374,778
374,909
375,385
375,454
375,582
375,705
376,535
376,585
376,939
377,390
377,759
377,796
377,810
378,386
378,579
378,895
378,945
378,992
379,659
379,766
379,781
379,996
380,390
380,413
380,561
380,713
380,796
380,829
380,982
381,470
381,664
381,669
381,686
381,901
382,482
382,716
382,820
382,897
383,389
383,393
383,708
383,742
383,810
383,874
384,454
384,482
384,600
384,750
384,946
385,418
385,537
386,712
386,734
386,807
386,964
386,992
387,576
387,591
387,645
387,681
387,760
387,884
387,956
387,960
388,456
388,582
388,629
388,740
388,813
388,879
389,804
389,824
389,978
390,408
390,413
390,414
390,435
390,450
390,529
390,606
390,672
390,684
390,713
390,847
390,856
390,950
390,955
391,447
391,453
391,535
391,543
391,571
391,575
391,640
391,727
391,830
391,879
391,881
391,939
392,495
392,649
392,794
392,818
392,830
392,956
393,426
393,556
393,724
393,742
393,874
394,466
394,546
394,562
394,588
394,735
395,455
395,495
395,654
395,782
395,794
395,830
395,914
395,921
395,956
396,534
396,576
396,726
396,753
396,795
396,892
397,411
397,820
397,840
397,991
397,992
398,430
398,494
398,579
398,782
398,857
399,531
399,896
399,946
400,591
400,711
400,743
400,992
401,478
401,886
402,691
402,694
402,943
403,530
403,607
403,657
404,470
404,486
404,491
404,568
404,874
404,932
405,713
405,745
405,856
405,933
405,983
406,412
406,449
406,465
406,501
406,564
406,571
406,642
406,662
406,840
406,912
407,474
407,516
407,654
407,946
407,971
408,528
408,561
408,713
408,745
408,933
409,410
409,695
409,797
409,804
409,931
409,986
410,542
410,656
410,661
410,690
410,738
410,764
410,785
410,931
410,968
410,974
411,831
411,839
411,921
411,978
412,565
412,743
412,756
412,757
412,791
412,815
412,889
412,934
413,663
413,680
413,796
414,849
414,892
414,982
415,463
415,516
415,534
415,535
415,793
415,954
416,479
416,581
416,633
416,659
416,819
416,844
417,422
417,432
417,466
417,547
417,612
417,702
417,775
417,798
417,816
418,434
418,618
418,636
418,881
418,948
419,439
419,460
419,491
419,517
419,535
419,585
419,628
419,842
419,966
420,425
420,607
420,657
420,738
420,972
421,545
421,580
421,638
421,722
421,851
422,466
422,502
422,720
422,737
423,638
423,781
424,430
424,443
424,458
424,494
424,872
425,484
425,629
425,838
425,863
425,902
425,949
425,971
426,759
426,762
426,860
427,552
427,601
427,644
427,974
428,589
428,619
428,677
428,905
429,664
429,739
429,754
429,901
429,945
430,443
430,494
430,499
430,579
430,749
430,756
430,778
430,787
430,872
431,447
431,701
431,819
432,486
432,692
432,893
432,923
433,553
433,629
433,725
433,740
433,836
433,909
433,910
434,545
434,625
434,638
434,670
434,717
434,793
434,848
435,796
435,910
436,543
436,602
436,744
437,587
437,726
437,900
438,621
438,652
438,719
438,730
438,795
438,886
439,448
439,568
439,575
439,585
439,681
439,827
439,939
439,995
440,623
440,742
440,874
440,891
441,591
441,736
441,829
441,884
442,732
442,794
442,911
442,927
443,490
443,494
443,499
443,510
443,541
443,608
443,717
443,749
443,782
443,822
444,595
444,784
444,795
444,841
444,900
445,451
445,459
445,482
445,666
445,750
445,866
446,482
446,693
446,750
446,820
447,589
447,592
447,596
447,619
447,701
447,786
447,852
447,877
447,888
447,918
447,952
447,984
448,535
448,571
448,849
448,906
449,461
449,464
449,501
449,522
449,539
449,548
449,551
449,564
449,590
449,614
449,662
449,670
449,736
449,794
449,819
449,821
449,834
449,840
449,887
449,926
449,930
449,956
449,983
449,989
450,558
450,758
450,813
450,902
450,944
451,591
451,750
452,552
452,791
452,804
452,931
452,972
452,999
453,486
453,491
453,568
453,585
453,652
453,692
453,706
453,712
453,827
453,923
453,939
454,740
454,758
454,863
454,949
455,701
455,794
455,830
455,956
455,957
456,478
456,831
456,902
456,949
457,524
457,545
457,638
457,895
458,700
458,710
458,848
458,891
458,928
458,935
459,474
459,641
459,832
460,486
460,545
460,719
460,848
460,903
460,906
461,642
461,785
461,863
461,961
461,983
462,760
462,816
462,996
463,529
463,696
463,778
463,795
464,618
464,898
465,562
465,750
465,866
466,737
467,696
467,795
467,849
468,780
468,823
468,850
468,971
469,729
469,987
470,496
470,559
470,581
470,592
470,669
470,683
470,945
470,974
470,998
471,492
471,690
471,815
471,990
472,841
472,891
472,897
473,544
473,592
473,810
473,911
474,514
474,521
474,567
474,585
474,691
474,714
474,733
474,769
474,780
474,947
475,644
475,884
476,586
476,682
476,744
476,801
476,873
477,506
477,526
477,570
477,679
478,574
478,584
478,758
478,871
478,902
479,646
479,680
479,739
479,762
480,485
480,586
480,615
481,629
481,740
481,909
482,635
482,693
482,750
482,852
482,866
482,950
483,586
483,658
483,891
483,905
484,627
484,678
484,705
484,908
485,523
485,678
485,758
485,910
486,535
486,571
486,618
486,674
486,692
486,717
486,746
486,901
486,923
486,939
486,966
487,537
487,698
488,547
488,553
488,694
488,803
489,500
489,788
489,797
490,499
490,608
490,872
490,957
491,535
491,689
491,717
491,838
491,923
491,956
492,574
492,575
492,582
492,705
492,740
492,758
492,863
492,890
492,902
492,910
493,669
493,810
493,893
493,934
493,981
494,518
494,579
494,608
494,772
494,778
494,872
494,911
495,525
496,706
496,748
496,779
497,566
497,653
497,685
497,696
497,739
497,759
497,849
497,882
497,907
498,609
498,838
498,902
499,608
499,778
499,782
500,648
500,908
500,997
501,531
501,785
501,821
501,834
501,983
502,599
502,612
502,702
502,775
502,881
503,683
503,739
503,844
503,912
504,507
504,591
504,761
504,996
505,598
505,723
505,848
505,958
506,550
506,815
506,828
506,973
507,709
507,719
507,756
507,954
508,531
508,626
508,780
508,796
508,823
508,971
509,694
509,815
509,823
510,550
510,756
510,923
511,583
511,794
511,956
511,957
512,547
512,565
512,809
512,842
513,566
513,618
513,696
513,700
514,586
514,626
514,676
514,694
514,707
514,791
514,806
515,649
515,848
516,714
516,784
516,795
517,620
517,950
517,962
517,994
518,745
519,646
519,911
519,924
520,587
520,589
520,595
520,726
520,849
520,882
520,928
521,544
521,646
521,675
522,841
522,947
522,983
523,586
523,873
523,969
524,526
524,774
524,836
524,989
525,577
525,578
525,950
525,962
525,994
526,570
526,589
526,591
526,698
526,773
526,836
526,845
526,858
526,861
526,953
526,989
527,609
527,649
527,830
527,956
528,568
528,600
528,635
528,750
529,561
530,534
530,587
530,758
530,795
531,697
531,947
532,637
532,801
532,807
532,814
533,563
533,591
533,610
533,681
533,722
533,818
533,850
533,960
534,644
534,653
534,859
535,585
535,594
535,618
535,623
535,681
535,706
535,727
535,746
535,764
535,802
535,807
535,842
535,859
535,874
535,922
535,923
535,939
535,951
536,568
536,581
536,592
536,646
536,739
536,955
537,632
537,825
537,956
537,958
537,962
538,638
538,683
538,742
538,874
539,597
539,898
539,930
540,550
540,791
540,946
541,766
541,976
541,983
542,616
542,835
542,848
543,580
543,589
543,596
543,663
543,767
543,852
543,854
543,877
543,888
543,905
543,958
543,984
544,581
544,664
544,796
545,605
545,616
545,667
545,719
545,765
545,789
545,817
545,848
545,867
545,870
546,656
546,797
546,833
546,917
547,705
547,740
547,758
548,583
548,604
548,649
548,956
548,957
549,590
549,936
550,567
550,691
550,794
550,866
550,889
551,590
551,819
552,655
553,707
553,758
554,704
554,716
554,768
554,899
555,610
555,648
555,804
555,974
556,742
556,778
556,904
557,711
557,732
557,756
558,858
558,871
558,953
559,561
559,572
559,592
559,669
559,683
559,799
559,901
559,945
559,967
559,979
560,664
560,742
560,806
560,843
560,946
561,606
561,652
561,680
561,713
561,796
561,814
561,855
561,933
562,797
562,915
562,917
563,565
563,823
564,885
565,665
565,691
565,806
565,983
566,658
566,771
566,886
567,641
567,839
567,843
567,884
567,946
568,585
568,626
568,628
568,674
568,706
568,712
568,717
568,827
568,842
568,932
568,948
568,951
569,686
569,770
569,817
569,970
570,646
570,842
571,594
571,618
571,624
571,636
571,689
571,728
571,923
572,613
572,687
572,739
572,911
572,945
573,586
573,801
573,846
573,873
574,602
574,629
574,679
574,751
575,932
576,722
576,884
577,620
577,994
577,999
578,610
578,976
579,608
579,778
579,782
579,822
579,993
580,596
580,705
581,647
581,682
581,703
581,739
581,762
581,791
581,911
581,924
581,927
581,980
581,985
582,902
582,938
582,975
583,586
583,631
583,649
583,720
583,830
583,853
583,956
584,656
584,735
584,797
584,908
585,664
585,746
585,881
586,590
586,614
586,615
586,621
586,650
586,660
586,671
586,673
586,684
586,723
586,729
586,744
586,801
586,873
586,987
587,634
587,908
587,935
588,724
588,742
589,596
589,611
589,619
589,888
589,952
590,792
590,819
590,840
590,885
591,645
591,699
591,709
591,761
591,816
591,846
591,850
591,868
591,945
591,976
591,986
591,996
592,731
593,737
593,768
593,856
593,943
593,972
594,618
594,779
594,783
595,748
595,751
595,891
596,611
596,612
596,619
596,688
596,693
596,701
596,736
596,888
596,919
596,927
597,648
597,819
597,912
597,978
597,983
598,638
598,758
598,848
599,795
599,913
599,916
600,622
600,691
600,693
600,718
600,746
600,750
600,751
600,790
600,820
600,866
601,815
602,661
602,783
602,910
602,940
603,696
603,709
603,954
603,986
604,672
604,696
604,882
605,784
605,900
606,728
606,855
607,610
607,710
607,959
608,772
608,778
608,895
609,697
609,956
609,957
610,648
610,931
610,968
610,978
611,701
611,895
612,656
612,702
612,737
612,775
612,929
612,993
613,664
613,787
613,924
613,979
614,792
614,821
614,834
614,983
615,801
615,873
615,880
616,793
617,773
618,674
618,734
618,746
618,802
618,922
618,939
619,688
619,701
619,888
620,777
620,962
620,994
621,671
621,684
622,635
622,642
622,693
622,750
622,820
623,718
623,742
624,717
624,995
625,798
627,740
627,863
627,873
627,904
627,909
627,999
628,706
628,834
628,878
629,747
629,758
629,832
629,870
629,944
630,641
630,715
630,823
631,649
631,720
631,794
631,869
631,956
632,638
632,719
633,739
633,851
634,696
634,936
634,971
635,750
635,790
635,820
636,692
636,802
636,842
636,859
636,922
636,933
636,939
637,752
637,970
637,991
638,651
638,719
638,765
638,823
638,906
638,983
639,762
639,844
640,923
640,940
641,727
641,755
641,990
642,785
642,819
642,861
643,682
643,763
644,648
644,974
644,978
645,672
646,837
647,682
647,760
647,786
647,979
648,657
648,690
648,695
648,738
648,974
649,697
649,702
649,794
649,826
649,830
649,869
649,956
649,957
649,992
650,684
650,723
650,744
650,801
650,873
651,848
652,696
652,763
652,784
652,892
653,795
653,891
653,932
654,794
654,830
654,911
654,956
655,833
655,942
656,917
657,673
657,678
657,738
657,974
658,696
658,703
658,878
659,675
659,911
659,980
660,744
660,749
660,873
660,907
661,764
661,959
662,758
662,785
662,792
662,819
662,854
662,912
662,926
662,983
663,701
664,998
665,769
665,898
666,667
666,914
667,719
667,847
667,996
668,705
668,944
669,705
669,824
670,785
670,789
670,803
670,817
670,848
670,851
670,903
670,949
671,729
671,744
671,801
671,842
671,873
671,911
672,796
673,721
673,764
674,741
674,923
675,819
675,844
675,893
676,946
677,688
677,750
678,863
678,890
678,894
679,800
680,688
680,713
680,796
680,829
680,847
680,933
680,982
681,976
683,739
683,911
683,954
683,985
684,873
685,718
685,809
685,826
686,760
686,895
686,992
687,842
687,980
688,877
688,896
689,835
689,883
689,932
691,733
691,757
691,812
691,823
691,843
691,947
691,971
692,802
692,817
693,718
693,750
693,790
693,882
694,791
695,965
695,974
695,978
696,701
696,726
696,865
696,891
696,943
696,995
697,720
697,830
697,956
697,957
698,871
699,740
699,758
699,783
699,876
699,910
700,735
700,860
701,796
701,910
701,918
701,958
701,984
702,768
702,890
702,913
703,844
703,927
703,981
704,719
704,902
705,738
705,740
705,758
705,809
705,863
705,897
705,910
705,925
705,938
705,949
705,999
706,712
706,717
706,727
706,802
706,842
706,902
707,809
707,863
707,874
708,725
708,735
708,742
708,857
708,874
708,946
709,772
709,960
709,974
710,753
711,848
711,976
712,727
712,880
712,939
713,722
713,829
713,855
713,857
713,976
714,778
714,795
714,935
715,786
715,971
716,797
717,802
717,873
717,879
717,883
717,923
717,948
717,951
717,988
717,993
718,750
718,790
718,820
719,793
719,834
719,848
719,851
719,914
719,945
719,949
720,830
720,869
720,956
721,740
721,978
722,850
723,873
724,741
724,742
724,876
725,742
725,900
728,923
728,988
729,801
729,811
730,737
731,789
731,927
731,981
732,947
733,812
733,944
734,746
734,777
734,932
735,797
735,825
735,862
735,917
736,821
736,833
736,887
736,983
737,768
737,913
737,929
737,937
737,941
737,942
738,878
738,920
738,959
738,974
739,762
739,911
739,979
739,982
739,986
740,751
740,803
740,858
740,863
740,876
740,902
740,904
740,910
741,773
741,989
742,800
742,815
742,847
742,874
743,791
743,808
743,975
744,801
744,987
746,802
747,970
748,849
748,900
748,931
749,935
750,820
750,866
750,897
750,918
751,758
751,894
751,910
752,903
753,795
753,900
754,867
754,980
755,758
755,910
756,823
756,843
756,971
757,946
758,821
758,863
758,872
758,874
758,904
758,910
759,900
760,816
761,864
761,937
761,996
762,867
762,979
763,779
763,795
763,841
763,862
764,804
765,789
765,793
765,915
766,835
767,918
768,792
768,913
768,937
769,946
769,972
770,794
770,895
771,783
771,797
771,862
771,997
772,778
772,921
773,836
773,920
774,836
774,939
775,798
775,801
775,913
775,929
775,937
775,963
776,849
777,930
777,950
777,962
778,822
779,795
779,801
783,803
784,854
784,928
785,821
785,833
785,898
785,936
785,983
786,828
786,971
787,946
788,797
789,906
791,946
791,973
792,819
792,887
793,997
794,830
794,869
794,956
794,957
795,826
795,827
795,849
795,859
795,886
795,891
795,900
795,935
795,985
797,915
797,934
797,950
797,997
798,802
798,916
798,929
799,836
800,857
800,874
801,831
801,873
801,987
802,815
802,842
802,880
802,932
802,939
803,832
805,876
805,941
805,989
806,864
806,936
807,921
807,952
808,911
808,967
810,844
811,885
811,900
812,999
813,979
814,854
815,828
815,947
815,971
815,973
815,990
816,865
817,848
818,957
818,976
819,834
819,912
820,923
821,898
821,926
821,983
823,946
823,951
823,956
824,865
824,947
824,965
825,950
826,952
826,995
827,881
828,866
829,985
830,853
830,869
830,956
830,957
830,960
831,895
831,907
831,919
832,902
832,910
833,961
833,983
835,865
835,974
835,978
836,858
836,989
837,854
837,921
837,964
838,910
839,854
839,964
839,970
839,989
840,887
840,926
841,882
841,935
841,990
842,924
842,939
842,988
843,971
843,973
844,893
844,911
844,981
845,941
847,955
848,851
848,914
848,969
850,976
852,886
852,888
853,956
854,895
854,970
854,992
856,959
858,861
858,871
859,883
859,923
860,935
861,953
861,988
862,899
862,917
863,890
863,902
863,948
863,999
864,868
865,974
867,901
868,939
868,953
869,956
871,916
873,883
873,900
873,987
877,918
877,958
878,903
878,965
878,968
879,880
879,923
881,923
882,965
883,925
886,995
888,905
889,967
889,990
891,928
891,946
891,974
891,995
893,923
893,956
893,979
894,923
894,977
895,921
895,964
898,926
899,934
900,928
901,911
902,944
905,922
906,914
907,919
910,925
910,938
910,949
910,978
912,917
912,983
913,929
915,997
916,943
918,952
919,966
920,953
920,989
921,992
922,923
922,939
923,966
923,991
923,999
924,981
926,956
928,981
929,943
932,946
932,987
935,939
936,942
937,963
937,993
939,953
942,983
945,998
946,971
946,975
946,990
949,999
950,962
951,980
954,960
956,957
960,963
960,996
979,998
