algorithm,metric,n_graphs,mean,median,std,min,max
flpa,VI,74,0.3429813730258006,0.05208709731268875,0.6201886340124266,0.0,2.484906869121272
flpa,normalized_VI,74,0.036727097888670596,0.005226592892729301,0.06524066975852995,0.0,0.2493438346789911
flpa,NMI,74,0.9300975325572551,0.9937913385462283,0.13380353716041718,0.3851477112432189,1.0
flpa,Omega,74,0.8834839940910678,0.9837635985340327,0.20111845841144654,0.2472213743074859,1.0
lpa,VI,74,0.5884302975506613,0.23339478261367624,0.7923020014898594,0.0,3.707242685724667
lpa,normalized_VI,74,0.06151055205703925,0.0230705880542817,0.08163684287998715,0.0,0.3719970832030074
lpa,NMI,74,0.9038881474738527,0.9550040774942103,0.12074035389022747,0.5012433355885506,1.0
lpa,Omega,74,0.8414345926585245,0.9333333333333332,0.20833256810347758,0.282956046207339,1.0
semi_sync_lpa,VI,74,0.5887283126167662,0.14318338854481355,0.7385869024799494,0.0,2.618457966803481
semi_sync_lpa,normalized_VI,74,0.06211299295801344,0.014367498277599752,0.07783973128009476,0.0,0.2627447967977229
semi_sync_lpa,NMI,74,0.853467321260798,0.9333333333333332,0.2149138398666434,0.2187716711229826,1.0
semi_sync_lpa,Omega,74,0.7626626556453368,0.9333333333333332,0.28695032912181045,0.122248458351868,1.0
slpa,Omega,74,0.47453847719570613,0.410257528989329,0.3979944883781917,0.0078929521119985,0.9922075506814094
slpa,ONMI,74,0.5176944417657537,0.5011803059356312,0.28530783839446805,0.137947005440244,0.9414103705892564
