graph_id,dataset,mu_nominal,mu_empirical,instance,algorithm,run_i,run_j,seed_i,seed_j,VI,normalized_VI,NMI,Omega,ONMI,degenerate_i,degenerate_j
lfr_mu70_i09,lfr,0.7,0.737776025236593,9.0,slpa,0,1,0,1,,,,0.026529703023236102,0.14738086748035406,False,False
lfr_mu70_i09,lfr,0.7,0.737776025236593,9.0,slpa,0,2,0,2,,,,0.03059790811698839,0.18217148583815723,False,False
lfr_mu70_i09,lfr,0.7,0.737776025236593,9.0,slpa,0,3,0,3,,,,0.013462930988588032,0.14631911371682582,False,False
lfr_mu70_i09,lfr,0.7,0.737776025236593,9.0,slpa,0,4,0,4,,,,0.017425312107044982,0.1259025167326001,False,False
lfr_mu70_i09,lfr,0.7,0.737776025236593,9.0,slpa,0,5,0,5,,,,0.013419731488974,0.12052715101420997,False,False
lfr_mu70_i09,lfr,0.7,0.737776025236593,9.0,slpa,0,6,0,6,,,,0.021483376364440403,0.09714804688846224,False,False
lfr_mu70_i09,lfr,0.7,0.737776025236593,9.0,slpa,0,7,0,7,,,,-2.390086637174144e-05,0.09920493376323902,False,False
lfr_mu70_i09,lfr,0.7,0.737776025236593,9.0,slpa,0,8,0,8,,,,0.0018337084208452854,0.1433711974274361,False,False
lfr_mu70_i09,lfr,0.7,0.737776025236593,9.0,slpa,0,9,0,9,,,,0.006812590450053967,0.11048648618734835,False,False
lfr_mu70_i09,lfr,0.7,0.737776025236593,9.0,slpa,0,10,0,10,,,,0.03908133289783874,0.1669240586344637,False,False
lfr_mu70_i09,lfr,0.7,0.737776025236593,9.0,slpa,0,11,0,11,,,,0.008007896138404766,0.2288373475957538,False,False
lfr_mu70_i09,lfr,0.7,0.737776025236593,9.0,slpa,0,12,0,12,,,,0.002788675722486553,0.17951284181667393,False,False
lfr_mu70_i09,lfr,0.7,0.737776025236593,9.0,slpa,0,13,0,13,,,,0.029699691408220274,0.11651784126180864,False,False
lfr_mu70_i09,lfr,0.7,0.737776025236593,9.0,slpa,0,14,0,14,,,,0.022468921958288323,0.11274616325986242,False,False
lfr_mu70_i09,lfr,0.7,0.737776025236593,9.0,slpa,0,15,0,15,,,,0.025390392036830536,0.09859484283686915,False,False
lfr_mu70_i09,lfr,0.7,0.737776025236593,9.0,slpa,0,16,0,16,,,,-1.1981143497260111e-05,0.2387508408515978,False,False
lfr_mu70_i09,lfr,0.7,0.737776025236593,9.0,slpa,0,17,0,17,,,,0.001294825290878315,0.12504223503619083,False,False
lfr_mu70_i09,lfr,0.7,0.737776025236593,9.0,slpa,0,18,0,18,,,,0.0008131143376713106,0.15548835864930577,False,False
lfr_mu70_i09,lfr,0.7,0.737776025236593,9.0,slpa,0,19,0,19,,,,0.00858971025362976,0.17230197593841745,False,False
lfr_mu70_i09,lfr,0.7,0.737776025236593,9.0,slpa,0,20,0,20,,,,0.00045543208244815385,0.12736937374245927,False,False
lfr_mu70_i09,lfr,0.7,0.737776025236593,9.0,slpa,0,21,0,21,,,,0.03548612336761255,0.1009188631720338,False,False
lfr_mu70_i09,lfr,0.7,0.737776025236593,9.0,slpa,0,22,0,22,,,,0.005544045725447678,0.16631699874689998,False,False
lfr_mu70_i09,lfr,0.7,0.737776025236593,9.0,slpa,0,23,0,23,,,,0.0250341499358113,0.1516249640936942,False,False
lfr_mu70_i09,lfr,0.7,0.737776025236593,9.0,slpa,0,24,0,24,,,,0.01553578121365896,0.15693619707814999,False,False
lfr_mu70_i09,lfr,0.7,0.737776025236593,9.0,slpa,0,25,0,25,,,,0.01428069970158223,0.10004486378461519,False,False
lfr_mu70_i09,lfr,0.7,0.737776025236593,9.0,slpa,0,26,0,26,,,,0.010025783139958045,0.1350543387213874,False,False
lfr_mu70_i09,lfr,0.7,0.737776025236593,9.0,slpa,0,27,0,27,,,,0.0007667805324575325,0.10192854183375855,False,False
lfr_mu70_i09,lfr,0.7,0.737776025236593,9.0,slpa,0,28,0,28,,,,-6.734225138836902e-05,0.173957668777325,False,False
lfr_mu70_i09,lfr,0.7,0.737776025236593,9.0,slpa,0,29,0,29,,,,0.005363009633605053,0.17607773398559534,False,False
lfr_mu70_i09,lfr,0.7,0.737776025236593,9.0,slpa,1,2,1,2,,,,0.06400424476693115,0.14225129836523676,False,False
lfr_mu70_i09,lfr,0.7,0.737776025236593,9.0,slpa,1,3,1,3,,,,0.008265451976806306,0.07680382371056482,False,False
lfr_mu70_i09,lfr,0.7,0.737776025236593,9.0,slpa,1,4,1,4,,,,0.059971331221427726,0.1043757781044452,False,False
lfr_mu70_i09,lfr,0.7,0.737776025236593,9.0,slpa,1,5,1,5,,,,0.007853332346770572,0.11795257494359657,False,False
lfr_mu70_i09,lfr,0.7,0.737776025236593,9.0,slpa,1,6,1,6,,,,0.003576863644597254,0.14976676145950618,False,False
lfr_mu70_i09,lfr,0.7,0.737776025236593,9.0,slpa,1,7,1,7,,,,0.006555551885001875,0.15922979806002702,False,False
lfr_mu70_i09,lfr,0.7,0.737776025236593,9.0,slpa,1,8,1,8,,,,0.00014410996279962641,0.16413914116750017,False,False
lfr_mu70_i09,lfr,0.7,0.737776025236593,9.0,slpa,1,9,1,9,,,,0.002591647889827761,0.14630901287484344,False,False
lfr_mu70_i09,lfr,0.7,0.737776025236593,9.0,slpa,1,10,1,10,,,,0.0026264504684426694,0.13394884392513684,False,False
lfr_mu70_i09,lfr,0.7,0.737776025236593,9.0,slpa,1,11,1,11,,,,-0.000191619843600918,0.1577994637953335,False,False
lfr_mu70_i09,lfr,0.7,0.737776025236593,9.0,slpa,1,12,1,12,,,,0.0020632250694634655,0.16072955161613045,False,False
lfr_mu70_i09,lfr,0.7,0.737776025236593,9.0,slpa,1,13,1,13,,,,0.04247662875105468,0.15862189183057462,False,False
lfr_mu70_i09,lfr,0.7,0.737776025236593,9.0,slpa,1,14,1,14,,,,0.026196586524404028,0.14317734263251491,False,False
lfr_mu70_i09,lfr,0.7,0.737776025236593,9.0,slpa,1,15,1,15,,,,0.030991056043442832,0.09317874037762941,False,False
lfr_mu70_i09,lfr,0.7,0.737776025236593,9.0,slpa,1,16,1,16,,,,-1.1892432286317352e-05,0.18939393939393945,False,False
lfr_mu70_i09,lfr,0.7,0.737776025236593,9.0,slpa,1,17,1,17,,,,-0.00018779752232116372,0.11372225401963243,False,False
lfr_mu70_i09,lfr,0.7,0.737776025236593,9.0,slpa,1,18,1,18,,,,0.0037711608569218867,0.15912860157792919,False,False
lfr_mu70_i09,lfr,0.7,0.737776025236593,9.0,slpa,1,19,1,19,,,,0.030509266202307747,0.1259359725196041,False,False
lfr_mu70_i09,lfr,0.7,0.737776025236593,9.0,slpa,1,20,1,20,,,,0.036912940308225006,0.11389981288858353,False,False
lfr_mu70_i09,lfr,0.7,0.737776025236593,9.0,slpa,1,21,1,21,,,,0.011034680914405745,0.12393656512590012,False,False
lfr_mu70_i09,lfr,0.7,0.737776025236593,9.0,slpa,1,22,1,22,,,,0.0029786367606390736,0.1317177658060633,False,False
lfr_mu70_i09,lfr,0.7,0.737776025236593,9.0,slpa,1,23,1,23,,,,0.014740009631759343,0.06609737546976913,False,False
lfr_mu70_i09,lfr,0.7,0.737776025236593,9.0,slpa,1,24,1,24,,,,-0.0009396494014159845,0.06274290392946913,False,False
lfr_mu70_i09,lfr,0.7,0.737776025236593,9.0,slpa,1,25,1,25,,,,0.012414860842728352,0.1066580457768227,False,False
lfr_mu70_i09,lfr,0.7,0.737776025236593,9.0,slpa,1,26,1,26,,,,0.018424532597882456,0.12296213558472524,False,False
lfr_mu70_i09,lfr,0.7,0.737776025236593,9.0,slpa,1,27,1,27,,,,0.007036618957259129,0.07898078052351354,False,False
lfr_mu70_i09,lfr,0.7,0.737776025236593,9.0,slpa,1,28,1,28,,,,-0.00022017560068018872,0.151449348573103,False,False
lfr_mu70_i09,lfr,0.7,0.737776025236593,9.0,slpa,1,29,1,29,,,,-0.0005218027941006217,0.11674812990104799,False,False
lfr_mu70_i09,lfr,0.7,0.737776025236593,9.0,slpa,2,3,2,3,,,,0.024250313433314328,0.09977587034053292,False,False
lfr_mu70_i09,lfr,0.7,0.737776025236593,9.0,slpa,2,4,2,4,,,,0.0031998281278669224,0.0912515789148225,False,False
lfr_mu70_i09,lfr,0.7,0.737776025236593,9.0,slpa,2,5,2,5,,,,0.005113011110195867,0.12568293299996025,False,False
lfr_mu70_i09,lfr,0.7,0.737776025236593,9.0,slpa,2,6,2,6,,,,0.030595129032714823,0.09244131430269498,False,False
lfr_mu70_i09,lfr,0.7,0.737776025236593,9.0,slpa,2,7,2,7,,,,-2.3906250545991707e-05,0.12113029050828228,False,False
lfr_mu70_i09,lfr,0.7,0.737776025236593,9.0,slpa,2,8,2,8,,,,0.00018517372770771737,0.12119672909767698,False,False
lfr_mu70_i09,lfr,0.7,0.737776025236593,9.0,slpa,2,9,2,9,,,,0.0018487207029042419,0.11912377046341449,False,False
lfr_mu70_i09,lfr,0.7,0.737776025236593,9.0,slpa,2,10,2,10,,,,0.22424643655268856,0.1731582231320612,False,False
lfr_mu70_i09,lfr,0.7,0.737776025236593,9.0,slpa,2,11,2,11,,,,0.006087526614671311,0.1370066764338136,False,False
lfr_mu70_i09,lfr,0.7,0.737776025236593,9.0,slpa,2,12,2,12,,,,0.0032505594657402993,0.12265385544861784,False,False
lfr_mu70_i09,lfr,0.7,0.737776025236593,9.0,slpa,2,13,2,13,,,,0.20146848361905817,0.11723790739044859,False,False
lfr_mu70_i09,lfr,0.7,0.737776025236593,9.0,slpa,2,14,2,14,,,,-0.0006549071010913921,0.07426808318270572,False,False
lfr_mu70_i09,lfr,0.7,0.737776025236593,9.0,slpa,2,15,2,15,,,,0.0012196946753254487,0.09193521030147234,False,False
lfr_mu70_i09,lfr,0.7,0.737776025236593,9.0,slpa,2,16,2,16,,,,-1.1982496310751318e-05,0.19166666666666665,False,False
lfr_mu70_i09,lfr,0.7,0.737776025236593,9.0,slpa,2,17,2,17,,,,0.0011643484444229311,0.12395615390912573,False,False
lfr_mu70_i09,lfr,0.7,0.737776025236593,9.0,slpa,2,18,2,18,,,,-0.0035356380523788367,0.15248273746824226,False,False
lfr_mu70_i09,lfr,0.7,0.737776025236593,9.0,slpa,2,19,2,19,,,,0.008232626426597067,0.15339744851057402,False,False
lfr_mu70_i09,lfr,0.7,0.737776025236593,9.0,slpa,2,20,2,20,,,,0.0030658396318183545,0.06314672557184653,False,False
lfr_mu70_i09,lfr,0.7,0.737776025236593,9.0,slpa,2,21,2,21,,,,0.021580136448420464,0.13098143291891695,False,False
lfr_mu70_i09,lfr,0.7,0.737776025236593,9.0,slpa,2,22,2,22,,,,-0.0017587661024638954,0.12470213086550874,False,False
lfr_mu70_i09,lfr,0.7,0.737776025236593,9.0,slpa,2,23,2,23,,,,0.024007333413212484,0.1688906422768507,False,False
lfr_mu70_i09,lfr,0.7,0.737776025236593,9.0,slpa,2,24,2,24,,,,0.06723794739659264,0.09648184213982014,False,False
lfr_mu70_i09,lfr,0.7,0.737776025236593,9.0,slpa,2,25,2,25,,,,0.0009392545927607655,0.1180286099742811,False,False
lfr_mu70_i09,lfr,0.7,0.737776025236593,9.0,slpa,2,26,2,26,,,,0.001513745413106839,0.12155233084299155,False,False
lfr_mu70_i09,lfr,0.7,0.737776025236593,9.0,slpa,2,27,2,27,,,,0.0019385906682037775,0.09527605827839558,False,False
lfr_mu70_i09,lfr,0.7,0.737776025236593,9.0,slpa,2,28,2,28,,,,-0.0014940156483544975,0.1753976340872896,False,False
lfr_mu70_i09,lfr,0.7,0.737776025236593,9.0,slpa,2,29,2,29,,,,0.041746771798697214,0.12807776416533767,False,False
lfr_mu70_i09,lfr,0.7,0.737776025236593,9.0,slpa,3,4,3,4,,,,0.03150434848376087,0.09444798743989002,False,False
lfr_mu70_i09,lfr,0.7,0.737776025236593,9.0,slpa,3,5,3,5,,,,0.04413520112181793,0.1407546902125396,False,False
lfr_mu70_i09,lfr,0.7,0.737776025236593,9.0,slpa,3,6,3,6,,,,0.022758155905563456,0.09898106019623543,False,False
lfr_mu70_i09,lfr,0.7,0.737776025236593,9.0,slpa,3,7,3,7,,,,-2.397857594440545e-05,0.10416666666666674,False,False
lfr_mu70_i09,lfr,0.7,0.737776025236593,9.0,slpa,3,8,3,8,,,,0.004696495380523983,0.1479756289752009,False,False
lfr_mu70_i09,lfr,0.7,0.737776025236593,9.0,slpa,3,9,3,9,,,,-0.0011755816726499683,0.09990092778726156,False,False
lfr_mu70_i09,lfr,0.7,0.737776025236593,9.0,slpa,3,10,3,10,,,,0.03017560396852061,0.11707740470805361,False,False
lfr_mu70_i09,lfr,0.7,0.737776025236593,9.0,slpa,3,11,3,11,,,,0.0010327663766568208,0.17254437996929983,False,False
lfr_mu70_i09,lfr,0.7,0.737776025236593,9.0,slpa,3,12,3,12,,,,0.01391400160527736,0.12429230380200806,False,False
lfr_mu70_i09,lfr,0.7,0.737776025236593,9.0,slpa,3,13,3,13,,,,0.03599238774110526,0.11080197231904321,False,False
lfr_mu70_i09,lfr,0.7,0.737776025236593,9.0,slpa,3,14,3,14,,,,0.015247541328137215,0.17516411447677083,False,False
lfr_mu70_i09,lfr,0.7,0.737776025236593,9.0,slpa,3,15,3,15,,,,0.0046477529625765755,0.20401407439910213,False,False
lfr_mu70_i09,lfr,0.7,0.737776025236593,9.0,slpa,3,16,3,16,,,,-1.2000639233880091e-05,0.20833333333333337,False,False
lfr_mu70_i09,lfr,0.7,0.737776025236593,9.0,slpa,3,17,3,17,,,,0.0006320885982399433,0.10289212686392835,False,False
lfr_mu70_i09,lfr,0.7,0.737776025236593,9.0,slpa,3,18,3,18,,,,0.004018993293554474,0.134834013342931,False,False
lfr_mu70_i09,lfr,0.7,0.737776025236593,9.0,slpa,3,19,3,19,,,,1.8279610944393148e-05,0.11391386457694308,False,False
lfr_mu70_i09,lfr,0.7,0.737776025236593,9.0,slpa,3,20,3,20,,,,0.005388643901706323,0.135435002295472,False,False
lfr_mu70_i09,lfr,0.7,0.737776025236593,9.0,slpa,3,21,3,21,,,,0.0027565689724176313,0.09718831950104889,False,False
lfr_mu70_i09,lfr,0.7,0.737776025236593,9.0,slpa,3,22,3,22,,,,0.015952834177147435,0.1121018450010638,False,False
lfr_mu70_i09,lfr,0.7,0.737776025236593,9.0,slpa,3,23,3,23,,,,0.0014681400085835717,0.10129546754084395,False,False
lfr_mu70_i09,lfr,0.7,0.737776025236593,9.0,slpa,3,24,3,24,,,,0.028072309051516732,0.11377740704978434,False,False
lfr_mu70_i09,lfr,0.7,0.737776025236593,9.0,slpa,3,25,3,25,,,,0.006495478758478996,0.19060225889261395,False,False
lfr_mu70_i09,lfr,0.7,0.737776025236593,9.0,slpa,3,26,3,26,,,,0.0018004938147922185,0.15229855785649304,False,False
lfr_mu70_i09,lfr,0.7,0.737776025236593,9.0,slpa,3,27,3,27,,,,0.003643279467397461,0.1055079413243325,False,False
lfr_mu70_i09,lfr,0.7,0.737776025236593,9.0,slpa,3,28,3,28,,,,-0.000510930231746415,0.1296026668324799,False,False
lfr_mu70_i09,lfr,0.7,0.737776025236593,9.0,slpa,3,29,3,29,,,,0.012753222932443489,0.11323555765655602,False,False
lfr_mu70_i09,lfr,0.7,0.737776025236593,9.0,slpa,4,5,4,5,,,,0.007226106141369975,0.09590286025161388,False,False
lfr_mu70_i09,lfr,0.7,0.737776025236593,9.0,slpa,4,6,4,6,,,,0.003899184048327919,0.14572359903789944,False,False
lfr_mu70_i09,lfr,0.7,0.737776025236593,9.0,slpa,4,7,4,7,,,,-2.3490708564599024e-05,0.1725861721674531,False,False
lfr_mu70_i09,lfr,0.7,0.737776025236593,9.0,slpa,4,8,4,8,,,,0.0007056105010993946,0.11771945508368375,False,False
lfr_mu70_i09,lfr,0.7,0.737776025236593,9.0,slpa,4,9,4,9,,,,0.001071664323609651,0.15128124755173644,False,False
lfr_mu70_i09,lfr,0.7,0.737776025236593,9.0,slpa,4,10,4,10,,,,-0.0008056160640211563,0.06316731874179549,False,False
lfr_mu70_i09,lfr,0.7,0.737776025236593,9.0,slpa,4,11,4,11,,,,-0.00018773695900647323,0.09796877916562308,False,False
lfr_mu70_i09,lfr,0.7,0.737776025236593,9.0,slpa,4,12,4,12,,,,0.0014772102579529247,0.09498992600722089,False,False
lfr_mu70_i09,lfr,0.7,0.737776025236593,9.0,slpa,4,13,4,13,,,,0.009711993342197458,0.09957087588388369,False,False
lfr_mu70_i09,lfr,0.7,0.737776025236593,9.0,slpa,4,14,4,14,,,,0.0035517262841581903,0.08278898337023322,False,False
lfr_mu70_i09,lfr,0.7,0.737776025236593,9.0,slpa,4,15,4,15,,,,0.039750590560922366,0.07634105869021734,False,False
lfr_mu70_i09,lfr,0.7,0.737776025236593,9.0,slpa,4,16,4,16,,,,0.007478848485220984,0.26382723298059696,False,False
lfr_mu70_i09,lfr,0.7,0.737776025236593,9.0,slpa,4,17,4,17,,,,0.0005286894191517126,0.08321898067761535,False,False
lfr_mu70_i09,lfr,0.7,0.737776025236593,9.0,slpa,4,18,4,18,,,,0.0010815553394002363,0.12108382599802536,False,False
lfr_mu70_i09,lfr,0.7,0.737776025236593,9.0,slpa,4,19,4,19,,,,-0.0003911883953392161,0.09011962126000284,False,False
lfr_mu70_i09,lfr,0.7,0.737776025236593,9.0,slpa,4,20,4,20,,,,0.003065907980363473,0.15136467016395772,False,False
lfr_mu70_i09,lfr,0.7,0.737776025236593,9.0,slpa,4,21,4,21,,,,0.003634127864304624,0.12608378546650068,False,False
lfr_mu70_i09,lfr,0.7,0.737776025236593,9.0,slpa,4,22,4,22,,,,0.006809050807544431,0.20291366313605996,False,False
lfr_mu70_i09,lfr,0.7,0.737776025236593,9.0,slpa,4,23,4,23,,,,0.005188468965907793,0.09326387119863444,False,False
lfr_mu70_i09,lfr,0.7,0.737776025236593,9.0,slpa,4,24,4,24,,,,0.00027544482279067475,0.13969892268777262,False,False
lfr_mu70_i09,lfr,0.7,0.737776025236593,9.0,slpa,4,25,4,25,,,,0.02004658260139387,0.09833866582764539,False,False
lfr_mu70_i09,lfr,0.7,0.737776025236593,9.0,slpa,4,26,4,26,,,,0.020596836515012026,0.15514420404679452,False,False
lfr_mu70_i09,lfr,0.7,0.737776025236593,9.0,slpa,4,27,4,27,,,,0.00044119407138973186,0.16131955503187823,False,False
lfr_mu70_i09,lfr,0.7,0.737776025236593,9.0,slpa,4,28,4,28,,,,0.00010509810281402382,0.18522610605744627,False,False
lfr_mu70_i09,lfr,0.7,0.737776025236593,9.0,slpa,4,29,4,29,,,,0.000870397767824009,0.1094686243602333,False,False
lfr_mu70_i09,lfr,0.7,0.737776025236593,9.0,slpa,5,6,5,6,,,,-0.0002468559696251921,0.16582904521796182,False,False
lfr_mu70_i09,lfr,0.7,0.737776025236593,9.0,slpa,5,7,5,7,,,,-2.399685356268965e-05,0.2192888048811561,False,False
lfr_mu70_i09,lfr,0.7,0.737776025236593,9.0,slpa,5,8,5,8,,,,-0.008920246785607497,0.12470826100519172,False,False
lfr_mu70_i09,lfr,0.7,0.737776025236593,9.0,slpa,5,9,5,9,,,,0.022588574072105613,0.09623429242640169,False,False
lfr_mu70_i09,lfr,0.7,0.737776025236593,9.0,slpa,5,10,5,10,,,,-0.002152570411250797,0.14068019385046981,False,False
lfr_mu70_i09,lfr,0.7,0.737776025236593,9.0,slpa,5,11,5,11,,,,0.0003037772630509659,0.12323312270289488,False,False
lfr_mu70_i09,lfr,0.7,0.737776025236593,9.0,slpa,5,12,5,12,,,,0.030949391346994152,0.15589104882559623,False,False
lfr_mu70_i09,lfr,0.7,0.737776025236593,9.0,slpa,5,13,5,13,,,,0.0016470977262977788,0.14303304382227022,False,False
lfr_mu70_i09,lfr,0.7,0.737776025236593,9.0,slpa,5,14,5,14,,,,0.012205545341992273,0.19562032876706026,False,False
lfr_mu70_i09,lfr,0.7,0.737776025236593,9.0,slpa,5,15,5,15,,,,0.006188469916347328,0.17304958028940798,False,False
lfr_mu70_i09,lfr,0.7,0.737776025236593,9.0,slpa,5,16,5,16,,,,-1.2001481545853645e-05,0.20461845986310023,False,False
lfr_mu70_i09,lfr,0.7,0.737776025236593,9.0,slpa,5,17,5,17,,,,-0.006679746835379978,0.12629492004990373,False,False
lfr_mu70_i09,lfr,0.7,0.737776025236593,9.0,slpa,5,18,5,18,,,,-0.0011806147487126684,0.23564022044123611,False,False
lfr_mu70_i09,lfr,0.7,0.737776025236593,9.0,slpa,5,19,5,19,,,,0.0026339974960498335,0.16452768882091007,False,False
lfr_mu70_i09,lfr,0.7,0.737776025236593,9.0,slpa,5,20,5,20,,,,-8.76209254655259e-05,0.1286870435090266,False,False
lfr_mu70_i09,lfr,0.7,0.737776025236593,9.0,slpa,5,21,5,21,,,,0.00462451521963585,0.11887461210045758,False,False
lfr_mu70_i09,lfr,0.7,0.737776025236593,9.0,slpa,5,22,5,22,,,,0.04876031517594735,0.1189731246502782,False,False
lfr_mu70_i09,lfr,0.7,0.737776025236593,9.0,slpa,5,23,5,23,,,,0.000656882031459428,0.15675283171302612,False,False
lfr_mu70_i09,lfr,0.7,0.737776025236593,9.0,slpa,5,24,5,24,,,,-0.014951409688820973,0.1297347194045766,False,False
lfr_mu70_i09,lfr,0.7,0.737776025236593,9.0,slpa,5,25,5,25,,,,0.0027356043357792395,0.11198674968456235,False,False
lfr_mu70_i09,lfr,0.7,0.737776025236593,9.0,slpa,5,26,5,26,,,,0.0016700525237577334,0.16749664681432086,False,False
lfr_mu70_i09,lfr,0.7,0.737776025236593,9.0,slpa,5,27,5,27,,,,0.048877841112555324,0.20993984513401764,False,False
lfr_mu70_i09,lfr,0.7,0.737776025236593,9.0,slpa,5,28,5,28,,,,-0.0020914985277653442,0.17012364669468183,False,False
lfr_mu70_i09,lfr,0.7,0.737776025236593,9.0,slpa,5,29,5,29,,,,0.003758063544178465,0.1951950518269161,False,False
lfr_mu70_i09,lfr,0.7,0.737776025236593,9.0,slpa,6,7,6,7,,,,-2.331098237424417e-05,0.15402716576298803,False,False
lfr_mu70_i09,lfr,0.7,0.737776025236593,9.0,slpa,6,8,6,8,,,,-3.0110960476255304e-05,0.12970093615324518,False,False
lfr_mu70_i09,lfr,0.7,0.737776025236593,9.0,slpa,6,9,6,9,,,,-0.000251117202419576,0.11224114808611274,False,False
lfr_mu70_i09,lfr,0.7,0.737776025236593,9.0,slpa,6,10,6,10,,,,0.0282551677562276,0.17229593139010646,False,False
lfr_mu70_i09,lfr,0.7,0.737776025236593,9.0,slpa,6,11,6,11,,,,0.007729695801106929,0.14388717139572815,False,False
lfr_mu70_i09,lfr,0.7,0.737776025236593,9.0,slpa,6,12,6,12,,,,0.0006328335002119942,0.15075019910245535,False,False
lfr_mu70_i09,lfr,0.7,0.737776025236593,9.0,slpa,6,13,6,13,,,,0.030668034907651475,0.1169343814957261,False,False
lfr_mu70_i09,lfr,0.7,0.737776025236593,9.0,slpa,6,14,6,14,,,,0.0017177869919161918,0.09565691369969898,False,False
lfr_mu70_i09,lfr,0.7,0.737776025236593,9.0,slpa,6,15,6,15,,,,0.0068545075513351825,0.1099581380197463,False,False
lfr_mu70_i09,lfr,0.7,0.737776025236593,9.0,slpa,6,16,6,16,,,,-1.1831066291498823e-05,0.20512820512820507,False,False
lfr_mu70_i09,lfr,0.7,0.737776025236593,9.0,slpa,6,17,6,17,,,,-0.00010232382742345911,0.08653528266798038,False,False
lfr_mu70_i09,lfr,0.7,0.737776025236593,9.0,slpa,6,18,6,18,,,,0.00017097184168045885,0.12706486904402414,False,False
lfr_mu70_i09,lfr,0.7,0.737776025236593,9.0,slpa,6,19,6,19,,,,-0.0003466775271907539,0.09573459668302153,False,False
lfr_mu70_i09,lfr,0.7,0.737776025236593,9.0,slpa,6,20,6,20,,,,-0.0004678534294682701,0.10143458283117712,False,False
lfr_mu70_i09,lfr,0.7,0.737776025236593,9.0,slpa,6,21,6,21,,,,0.06180991971128994,0.12476940850965879,False,False
lfr_mu70_i09,lfr,0.7,0.737776025236593,9.0,slpa,6,22,6,22,,,,0.0008579383919193996,0.1328124762446966,False,False
lfr_mu70_i09,lfr,0.7,0.737776025236593,9.0,slpa,6,23,6,23,,,,0.019940462231866633,0.07724240987801534,False,False
lfr_mu70_i09,lfr,0.7,0.737776025236593,9.0,slpa,6,24,6,24,,,,0.011920163407343462,0.08555356619455023,False,False
lfr_mu70_i09,lfr,0.7,0.737776025236593,9.0,slpa,6,25,6,25,,,,0.0021556873521665146,0.1325222359654964,False,False
lfr_mu70_i09,lfr,0.7,0.737776025236593,9.0,slpa,6,26,6,26,,,,-9.19201802684574e-05,0.12037412602895925,False,False
lfr_mu70_i09,lfr,0.7,0.737776025236593,9.0,slpa,6,27,6,27,,,,-0.0002823695320205845,0.0906926689777302,False,False
lfr_mu70_i09,lfr,0.7,0.737776025236593,9.0,slpa,6,28,6,28,,,,-0.0001448325273559507,0.1445097206918421,False,False
lfr_mu70_i09,lfr,0.7,0.737776025236593,9.0,slpa,6,29,6,29,,,,0.0048410754670720965,0.16766087965279908,False,False
lfr_mu70_i09,lfr,0.7,0.737776025236593,9.0,slpa,7,8,7,8,,,,-2.2096594594203785e-05,0.0862801843204738,False,False
lfr_mu70_i09,lfr,0.7,0.737776025236593,9.0,slpa,7,9,7,9,,,,6.136567308724755e-05,0.1442377381286687,False,False
lfr_mu70_i09,lfr,0.7,0.737776025236593,9.0,slpa,7,10,7,10,,,,-2.3854812031036595e-05,0.11325392234370935,False,False
lfr_mu70_i09,lfr,0.7,0.737776025236593,9.0,slpa,7,11,7,11,,,,-2.173649456617062e-05,0.125,False,False
lfr_mu70_i09,lfr,0.7,0.737776025236593,9.0,slpa,7,12,7,12,,,,-2.3590118264685096e-05,0.14296830118282922,False,False
lfr_mu70_i09,lfr,0.7,0.737776025236593,9.0,slpa,7,13,7,13,,,,-2.3972029686398644e-05,0.07720588235294112,False,False
lfr_mu70_i09,lfr,0.7,0.737776025236593,9.0,slpa,7,14,7,14,,,,-2.380977098805641e-05,0.08747544220818393,False,False
lfr_mu70_i09,lfr,0.7,0.737776025236593,9.0,slpa,7,15,7,15,,,,-2.2457744395646945e-05,0.08881578947368429,False,False
lfr_mu70_i09,lfr,0.7,0.737776025236593,9.0,slpa,7,16,7,16,,,,-8.008074217107702e-06,0.22916666666666674,False,False
lfr_mu70_i09,lfr,0.7,0.737776025236593,9.0,slpa,7,17,7,17,,,,-2.215748320486168e-05,0.08556089481869544,False,False
lfr_mu70_i09,lfr,0.7,0.737776025236593,9.0,slpa,7,18,7,18,,,,-2.401238451372643e-05,0.1887861675174174,False,False
lfr_mu70_i09,lfr,0.7,0.737776025236593,9.0,slpa,7,19,7,19,,,,-2.3129253769043297e-05,0.09375,False,False
lfr_mu70_i09,lfr,0.7,0.737776025236593,9.0,slpa,7,20,7,20,,,,-2.3535953895981004e-05,0.10045547366596597,False,False
lfr_mu70_i09,lfr,0.7,0.737776025236593,9.0,slpa,7,21,7,21,,,,0.008748742660689195,0.1320250197074021,False,False
lfr_mu70_i09,lfr,0.7,0.737776025236593,9.0,slpa,7,22,7,22,,,,-2.4004651463108616e-05,0.16047590934144096,False,False
lfr_mu70_i09,lfr,0.7,0.737776025236593,9.0,slpa,7,23,7,23,,,,-2.2677396759966945e-05,0.08250000000000002,False,False
lfr_mu70_i09,lfr,0.7,0.737776025236593,9.0,slpa,7,24,7,24,,,,0.00019923604933889377,0.0863431758892208,False,False
lfr_mu70_i09,lfr,0.7,0.737776025236593,9.0,slpa,7,25,7,25,,,,-2.3980450791060497e-05,0.19199471462772855,False,False
lfr_mu70_i09,lfr,0.7,0.737776025236593,9.0,slpa,7,26,7,26,,,,-1.95199015658852e-05,0.15402716576298803,False,False
lfr_mu70_i09,lfr,0.7,0.737776025236593,9.0,slpa,7,27,7,27,,,,-2.4019017936529057e-05,0.1412531212868997,False,False
lfr_mu70_i09,lfr,0.7,0.737776025236593,9.0,slpa,7,28,7,28,,,,-4.434735206590617e-06,0.18098111640870185,False,False
lfr_mu70_i09,lfr,0.7,0.737776025236593,9.0,slpa,7,29,7,29,,,,-2.3468356762121896e-05,0.22605062736494752,False,False
lfr_mu70_i09,lfr,0.7,0.737776025236593,9.0,slpa,8,9,8,9,,,,-0.0097546691166179,0.13505101145617804,False,False
lfr_mu70_i09,lfr,0.7,0.737776025236593,9.0,slpa,8,10,8,10,,,,-0.000461737347873764,0.1517924513593525,False,False
lfr_mu70_i09,lfr,0.7,0.737776025236593,9.0,slpa,8,11,8,11,,,,5.529258027207136e-06,0.11906677251088771,False,False
lfr_mu70_i09,lfr,0.7,0.737776025236593,9.0,slpa,8,12,8,12,,,,-0.0049320805629898485,0.1581112877102696,False,False
lfr_mu70_i09,lfr,0.7,0.737776025236593,9.0,slpa,8,13,8,13,,,,0.0020628665657317397,0.09874185882627406,False,False
lfr_mu70_i09,lfr,0.7,0.737776025236593,9.0,slpa,8,14,8,14,,,,-0.0006678882837606677,0.11840474157616399,False,False
lfr_mu70_i09,lfr,0.7,0.737776025236593,9.0,slpa,8,15,8,15,,,,0.00032957215877110936,0.16902612668625872,False,False
lfr_mu70_i09,lfr,0.7,0.737776025236593,9.0,slpa,8,16,8,16,,,,2.2969860719234912e-05,0.22597924117168433,False,False
lfr_mu70_i09,lfr,0.7,0.737776025236593,9.0,slpa,8,17,8,17,,,,0.14177158474567803,0.14362528627064663,False,False
lfr_mu70_i09,lfr,0.7,0.737776025236593,9.0,slpa,8,18,8,18,,,,-0.014391786619047482,0.15947590567068093,False,False
lfr_mu70_i09,lfr,0.7,0.737776025236593,9.0,slpa,8,19,8,19,,,,8.115935026581664e-05,0.12293800156265111,False,False
lfr_mu70_i09,lfr,0.7,0.737776025236593,9.0,slpa,8,20,8,20,,,,-0.0004574073992667837,0.11451973037463592,False,False
lfr_mu70_i09,lfr,0.7,0.737776025236593,9.0,slpa,8,21,8,21,,,,-0.00027883566429726364,0.1408090799007512,False,False
lfr_mu70_i09,lfr,0.7,0.737776025236593,9.0,slpa,8,22,8,22,,,,-0.012464812405840709,0.12169513494303519,False,False
lfr_mu70_i09,lfr,0.7,0.737776025236593,9.0,slpa,8,23,8,23,,,,-0.00014514513800187865,0.11307385937324232,False,False
lfr_mu70_i09,lfr,0.7,0.737776025236593,9.0,slpa,8,24,8,24,,,,0.008821273472956265,0.12072697564751633,False,False
lfr_mu70_i09,lfr,0.7,0.737776025236593,9.0,slpa,8,25,8,25,,,,0.0002258849699315258,0.0888394740407954,False,False
lfr_mu70_i09,lfr,0.7,0.737776025236593,9.0,slpa,8,26,8,26,,,,6.866579675859879e-05,0.19191503911523955,False,False
lfr_mu70_i09,lfr,0.7,0.737776025236593,9.0,slpa,8,27,8,27,,,,-0.01608639660692514,0.13095269955550448,False,False
lfr_mu70_i09,lfr,0.7,0.737776025236593,9.0,slpa,8,28,8,28,,,,0.04507096221672404,0.1600640639772577,False,False
lfr_mu70_i09,lfr,0.7,0.737776025236593,9.0,slpa,8,29,8,29,,,,0.019666799929328304,0.16594691111535465,False,False
lfr_mu70_i09,lfr,0.7,0.737776025236593,9.0,slpa,9,10,9,10,,,,-0.0016917897627360136,0.09904762355710961,False,False
lfr_mu70_i09,lfr,0.7,0.737776025236593,9.0,slpa,9,11,9,11,,,,-7.56339035240621e-05,0.13403754757653275,False,False
lfr_mu70_i09,lfr,0.7,0.737776025236593,9.0,slpa,9,12,9,12,,,,0.021530726565484708,0.150477052703182,False,False
lfr_mu70_i09,lfr,0.7,0.737776025236593,9.0,slpa,9,13,9,13,,,,0.0003381484358683089,0.12426110562773984,False,False
lfr_mu70_i09,lfr,0.7,0.737776025236593,9.0,slpa,9,14,9,14,,,,0.001285287165250242,0.10779055163481976,False,False
lfr_mu70_i09,lfr,0.7,0.737776025236593,9.0,slpa,9,15,9,15,,,,0.0003187629825340024,0.07870508249323904,False,False
lfr_mu70_i09,lfr,0.7,0.737776025236593,9.0,slpa,9,16,9,16,,,,1.6669576755692422e-05,0.20629933334128392,False,False
lfr_mu70_i09,lfr,0.7,0.737776025236593,9.0,slpa,9,17,9,17,,,,-0.011940125746424285,0.12012797024607069,False,False
lfr_mu70_i09,lfr,0.7,0.737776025236593,9.0,slpa,9,18,9,18,,,,0.010317341227048532,0.1379836371233072,False,False
lfr_mu70_i09,lfr,0.7,0.737776025236593,9.0,slpa,9,19,9,19,,,,8.567580092330898e-05,0.1296159259716807,False,False
lfr_mu70_i09,lfr,0.7,0.737776025236593,9.0,slpa,9,20,9,20,,,,0.0006975437672301076,0.10434989210195234,False,False
lfr_mu70_i09,lfr,0.7,0.737776025236593,9.0,slpa,9,21,9,21,,,,0.0002939387977885047,0.11145202212440375,False,False
lfr_mu70_i09,lfr,0.7,0.737776025236593,9.0,slpa,9,22,9,22,,,,-0.006963631321702844,0.16269431230395215,False,False
lfr_mu70_i09,lfr,0.7,0.737776025236593,9.0,slpa,9,23,9,23,,,,-0.00018602851951383823,0.16847786240122675,False,False
lfr_mu70_i09,lfr,0.7,0.737776025236593,9.0,slpa,9,24,9,24,,,,-0.02214547155878293,0.1493740491261053,False,False
lfr_mu70_i09,lfr,0.7,0.737776025236593,9.0,slpa,9,25,9,25,,,,0.005458954374915741,0.12533768402147505,False,False
lfr_mu70_i09,lfr,0.7,0.737776025236593,9.0,slpa,9,26,9,26,,,,0.0003779507760927465,0.14146797793990407,False,False
lfr_mu70_i09,lfr,0.7,0.737776025236593,9.0,slpa,9,27,9,27,,,,0.11284479786154618,0.09426929989562205,False,False
lfr_mu70_i09,lfr,0.7,0.737776025236593,9.0,slpa,9,28,9,28,,,,6.094677054722115e-05,0.17039707078852528,False,False
lfr_mu70_i09,lfr,0.7,0.737776025236593,9.0,slpa,9,29,9,29,,,,-0.02424022483638515,0.11359342848377796,False,False
lfr_mu70_i09,lfr,0.7,0.737776025236593,9.0,slpa,10,11,10,11,,,,0.0086769700237312,0.15129022857679142,False,False
lfr_mu70_i09,lfr,0.7,0.737776025236593,9.0,slpa,10,12,10,12,,,,9.45623896930192e-05,0.12057875502461957,False,False
lfr_mu70_i09,lfr,0.7,0.737776025236593,9.0,slpa,10,13,10,13,,,,0.16885284536561349,0.10836152371378205,False,False
lfr_mu70_i09,lfr,0.7,0.737776025236593,9.0,slpa,10,14,10,14,,,,0.021089332234609102,0.14390171227678494,False,False
lfr_mu70_i09,lfr,0.7,0.737776025236593,9.0,slpa,10,15,10,15,,,,-0.00031256513926529434,0.09873224408900061,False,False
lfr_mu70_i09,lfr,0.7,0.737776025236593,9.0,slpa,10,16,10,16,,,,-1.1969559489220805e-05,0.19791666666666674,False,False
lfr_mu70_i09,lfr,0.7,0.737776025236593,9.0,slpa,10,17,10,17,,,,0.0002765838475650348,0.13594082817642805,False,False
lfr_mu70_i09,lfr,0.7,0.737776025236593,9.0,slpa,10,18,10,18,,,,0.0015777869175650611,0.13697219130246174,False,False
lfr_mu70_i09,lfr,0.7,0.737776025236593,9.0,slpa,10,19,10,19,,,,0.0054906707850284325,0.08448359067112376,False,False
lfr_mu70_i09,lfr,0.7,0.737776025236593,9.0,slpa,10,20,10,20,,,,0.016820604892907213,0.09377852535313158,False,False
lfr_mu70_i09,lfr,0.7,0.737776025236593,9.0,slpa,10,21,10,21,,,,0.040639548577533886,0.13212330435601594,False,False
lfr_mu70_i09,lfr,0.7,0.737776025236593,9.0,slpa,10,22,10,22,,,,0.005581948029295205,0.1599502866877771,False,False
lfr_mu70_i09,lfr,0.7,0.737776025236593,9.0,slpa,10,23,10,23,,,,0.03354928439764073,0.11463581593096084,False,False
lfr_mu70_i09,lfr,0.7,0.737776025236593,9.0,slpa,10,24,10,24,,,,0.07001798584045589,0.10495861097783787,False,False
lfr_mu70_i09,lfr,0.7,0.737776025236593,9.0,slpa,10,25,10,25,,,,0.0012221100164739845,0.07344283881977187,False,False
lfr_mu70_i09,lfr,0.7,0.737776025236593,9.0,slpa,10,26,10,26,,,,-0.00010099956668065845,0.07535944269627448,False,False
lfr_mu70_i09,lfr,0.7,0.737776025236593,9.0,slpa,10,27,10,27,,,,0.0012403152257288196,0.17211863890964385,False,False
lfr_mu70_i09,lfr,0.7,0.737776025236593,9.0,slpa,10,28,10,28,,,,-0.0014269709222096512,0.15930430800769724,False,False
lfr_mu70_i09,lfr,0.7,0.737776025236593,9.0,slpa,10,29,10,29,,,,0.04239707357474339,0.19855985559111744,False,False
lfr_mu70_i09,lfr,0.7,0.737776025236593,9.0,slpa,11,12,11,12,,,,-1.7406495957230727e-05,0.20661940542167478,False,False
lfr_mu70_i09,lfr,0.7,0.737776025236593,9.0,slpa,11,13,11,13,,,,0.0019250875956721026,0.12493212201769599,False,False
lfr_mu70_i09,lfr,0.7,0.737776025236593,9.0,slpa,11,14,11,14,,,,-0.00021025440781964489,0.0935472790694396,False,False
lfr_mu70_i09,lfr,0.7,0.737776025236593,9.0,slpa,11,15,11,15,,,,-0.00013727497881042204,0.159460911640106,False,False
lfr_mu70_i09,lfr,0.7,0.737776025236593,9.0,slpa,11,16,11,16,,,,-1.1411541362820716e-05,0.22916666666666674,False,False
lfr_mu70_i09,lfr,0.7,0.737776025236593,9.0,slpa,11,17,11,17,,,,3.722331218047208e-05,0.10791847617030759,False,False
lfr_mu70_i09,lfr,0.7,0.737776025236593,9.0,slpa,11,18,11,18,,,,0.002278020113795504,0.18188519303913742,False,False
lfr_mu70_i09,lfr,0.7,0.737776025236593,9.0,slpa,11,19,11,19,,,,0.03757525407238813,0.18759372289601806,False,False
lfr_mu70_i09,lfr,0.7,0.737776025236593,9.0,slpa,11,20,11,20,,,,0.017153680531050767,0.12323566061378921,False,False
lfr_mu70_i09,lfr,0.7,0.737776025236593,9.0,slpa,11,21,11,21,,,,0.006988126876048583,0.12369110607387312,False,False
lfr_mu70_i09,lfr,0.7,0.737776025236593,9.0,slpa,11,22,11,22,,,,0.0023679030315767557,0.17897493509594253,False,False
lfr_mu70_i09,lfr,0.7,0.737776025236593,9.0,slpa,11,23,11,23,,,,-0.00014591401590108497,0.08250000000000002,False,False
lfr_mu70_i09,lfr,0.7,0.737776025236593,9.0,slpa,11,24,11,24,,,,0.004213682864151752,0.20393051373056847,False,False
lfr_mu70_i09,lfr,0.7,0.737776025236593,9.0,slpa,11,25,11,25,,,,0.000378916176249082,0.16353954765426937,False,False
lfr_mu70_i09,lfr,0.7,0.737776025236593,9.0,slpa,11,26,11,26,,,,0.09632093527837554,0.20533242983462718,False,False
lfr_mu70_i09,lfr,0.7,0.737776025236593,9.0,slpa,11,27,11,27,,,,-0.00022781178289512218,0.08173600770396261,False,False
lfr_mu70_i09,lfr,0.7,0.737776025236593,9.0,slpa,11,28,11,28,,,,-1.5754634159265887e-05,0.1429653244198048,False,False
lfr_mu70_i09,lfr,0.7,0.737776025236593,9.0,slpa,11,29,11,29,,,,0.0007316734865616943,0.13900283340247754,False,False
lfr_mu70_i09,lfr,0.7,0.737776025236593,9.0,slpa,12,13,12,13,,,,-0.001728658503604283,0.1753605493206548,False,False
lfr_mu70_i09,lfr,0.7,0.737776025236593,9.0,slpa,12,14,12,14,,,,0.0009097044956248256,0.1443042338972974,False,False
lfr_mu70_i09,lfr,0.7,0.737776025236593,9.0,slpa,12,15,12,15,,,,0.0009833408605474465,0.17956810909815524,False,False
lfr_mu70_i09,lfr,0.7,0.737776025236593,9.0,slpa,12,16,12,16,,,,2.9543378207874512e-05,0.2293674795051922,False,False
lfr_mu70_i09,lfr,0.7,0.737776025236593,9.0,slpa,12,17,12,17,,,,-0.01171356677874243,0.16161186656939786,False,False
lfr_mu70_i09,lfr,0.7,0.737776025236593,9.0,slpa,12,18,12,18,,,,0.01828119683512777,0.15471152085553674,False,False
lfr_mu70_i09,lfr,0.7,0.737776025236593,9.0,slpa,12,19,12,19,,,,0.0010002354468536692,0.15222926713740037,False,False
lfr_mu70_i09,lfr,0.7,0.737776025236593,9.0,slpa,12,20,12,20,,,,0.0010084875296438255,0.17825872356096517,False,False
lfr_mu70_i09,lfr,0.7,0.737776025236593,9.0,slpa,12,21,12,21,,,,0.0014162466293757053,0.15791898407527527,False,False
lfr_mu70_i09,lfr,0.7,0.737776025236593,9.0,slpa,12,22,12,22,,,,-0.010276857274394738,0.1755741199300721,False,False
lfr_mu70_i09,lfr,0.7,0.737776025236593,9.0,slpa,12,23,12,23,,,,0.0001606930531261993,0.15642049798436075,False,False
lfr_mu70_i09,lfr,0.7,0.737776025236593,9.0,slpa,12,24,12,24,,,,-0.0028959459208768214,0.16743380161516974,False,False
lfr_mu70_i09,lfr,0.7,0.737776025236593,9.0,slpa,12,25,12,25,,,,0.0029804294955492893,0.1584198763299478,False,False
lfr_mu70_i09,lfr,0.7,0.737776025236593,9.0,slpa,12,26,12,26,,,,0.00047633406351068176,0.199059599303272,False,False
lfr_mu70_i09,lfr,0.7,0.737776025236593,9.0,slpa,12,27,12,27,,,,0.011061363214963447,0.14930051477683715,False,False
lfr_mu70_i09,lfr,0.7,0.737776025236593,9.0,slpa,12,28,12,28,,,,-0.008023484599128026,0.1861712953572321,False,False
lfr_mu70_i09,lfr,0.7,0.737776025236593,9.0,slpa,12,29,12,29,,,,0.019294999363659835,0.2152487672838972,False,False
lfr_mu70_i09,lfr,0.7,0.737776025236593,9.0,slpa,13,14,13,14,,,,0.0013893196740189448,0.08390296651104945,False,False
lfr_mu70_i09,lfr,0.7,0.737776025236593,9.0,slpa,13,15,13,15,,,,0.0010839458141517577,0.12103600089049793,False,False
lfr_mu70_i09,lfr,0.7,0.737776025236593,9.0,slpa,13,16,13,16,,,,-1.1998999345756927e-05,0.19420388538610267,False,False
lfr_mu70_i09,lfr,0.7,0.737776025236593,9.0,slpa,13,17,13,17,,,,0.0007641117861624409,0.11327746787164084,False,False
lfr_mu70_i09,lfr,0.7,0.737776025236593,9.0,slpa,13,18,13,18,,,,-0.004933294786082737,0.15816820138491727,False,False
lfr_mu70_i09,lfr,0.7,0.737776025236593,9.0,slpa,13,19,13,19,,,,0.007718813097793101,0.1413801548183733,False,False
lfr_mu70_i09,lfr,0.7,0.737776025236593,9.0,slpa,13,20,13,20,,,,0.002923396177726645,0.0875737800812757,False,False
lfr_mu70_i09,lfr,0.7,0.737776025236593,9.0,slpa,13,21,13,21,,,,0.018801123844884852,0.08675609288966601,False,False
lfr_mu70_i09,lfr,0.7,0.737776025236593,9.0,slpa,13,22,13,22,,,,-0.0014703639190415993,0.13523845572148574,False,False
lfr_mu70_i09,lfr,0.7,0.737776025236593,9.0,slpa,13,23,13,23,,,,0.015830477683726037,0.10359259744038307,False,False
lfr_mu70_i09,lfr,0.7,0.737776025236593,9.0,slpa,13,24,13,24,,,,0.1344086793403684,0.1489483534607987,False,False
lfr_mu70_i09,lfr,0.7,0.737776025236593,9.0,slpa,13,25,13,25,,,,0.006090952828506047,0.13380390650236085,False,False
lfr_mu70_i09,lfr,0.7,0.737776025236593,9.0,slpa,13,26,13,26,,,,0.0006210528837539855,0.16798844983774164,False,False
lfr_mu70_i09,lfr,0.7,0.737776025236593,9.0,slpa,13,27,13,27,,,,0.00676657926547924,0.07108418893080515,False,False
lfr_mu70_i09,lfr,0.7,0.737776025236593,9.0,slpa,13,28,13,28,,,,-0.003656744814597234,0.1742128415142058,False,False
lfr_mu70_i09,lfr,0.7,0.737776025236593,9.0,slpa,13,29,13,29,,,,0.06758398702552386,0.14467690654030751,False,False
lfr_mu70_i09,lfr,0.7,0.737776025236593,9.0,slpa,14,15,14,15,,,,0.0023589230072137836,0.1685010111729749,False,False
lfr_mu70_i09,lfr,0.7,0.737776025236593,9.0,slpa,14,16,14,16,,,,-1.1958208868391036e-05,0.17803030303030298,False,False
lfr_mu70_i09,lfr,0.7,0.737776025236593,9.0,slpa,14,17,14,17,,,,-0.00013932245675346843,0.12050721631732708,False,False
lfr_mu70_i09,lfr,0.7,0.737776025236593,9.0,slpa,14,18,14,18,,,,-0.0010666987085294866,0.13229325757756194,False,False
lfr_mu70_i09,lfr,0.7,0.737776025236593,9.0,slpa,14,19,14,19,,,,0.036100227207272094,0.09758173024692118,False,False
lfr_mu70_i09,lfr,0.7,0.737776025236593,9.0,slpa,14,20,14,20,,,,0.0033889919833114666,0.10641024595912851,False,False
lfr_mu70_i09,lfr,0.7,0.737776025236593,9.0,slpa,14,21,14,21,,,,0.0015894345222786871,0.12291608549394484,False,False
lfr_mu70_i09,lfr,0.7,0.737776025236593,9.0,slpa,14,22,14,22,,,,0.002379332724510664,0.11784799964774195,False,False
lfr_mu70_i09,lfr,0.7,0.737776025236593,9.0,slpa,14,23,14,23,,,,0.002260677588342869,0.09007481228403069,False,False
lfr_mu70_i09,lfr,0.7,0.737776025236593,9.0,slpa,14,24,14,24,,,,0.0025183213753580255,0.10309350403014361,False,False
lfr_mu70_i09,lfr,0.7,0.737776025236593,9.0,slpa,14,25,14,25,,,,0.0008485590860494011,0.11168035750619398,False,False
lfr_mu70_i09,lfr,0.7,0.737776025236593,9.0,slpa,14,26,14,26,,,,0.002794448955621025,0.0873490930334615,False,False
lfr_mu70_i09,lfr,0.7,0.737776025236593,9.0,slpa,14,27,14,27,,,,0.004186466376666959,0.1848746557583063,False,False
lfr_mu70_i09,lfr,0.7,0.737776025236593,9.0,slpa,14,28,14,28,,,,-0.00010798276087592547,0.13797836817011477,False,False
lfr_mu70_i09,lfr,0.7,0.737776025236593,9.0,slpa,14,29,14,29,,,,0.0022545618522207453,0.15722806523384047,False,False
lfr_mu70_i09,lfr,0.7,0.737776025236593,9.0,slpa,15,16,15,16,,,,-1.1607247564919435e-05,0.19298245614035092,False,False
lfr_mu70_i09,lfr,0.7,0.737776025236593,9.0,slpa,15,17,15,17,,,,0.00030386812588482594,0.15925775477833715,False,False
lfr_mu70_i09,lfr,0.7,0.737776025236593,9.0,slpa,15,18,15,18,,,,1.4702992088810174e-05,0.15438767933696973,False,False
lfr_mu70_i09,lfr,0.7,0.737776025236593,9.0,slpa,15,19,15,19,,,,0.008079078150445956,0.09003447497888883,False,False
lfr_mu70_i09,lfr,0.7,0.737776025236593,9.0,slpa,15,20,15,20,,,,0.005069303890212178,0.14270341323376368,False,False
lfr_mu70_i09,lfr,0.7,0.737776025236593,9.0,slpa,15,21,15,21,,,,0.019237097807768878,0.13636414898799032,False,False
lfr_mu70_i09,lfr,0.7,0.737776025236593,9.0,slpa,15,22,15,22,,,,0.001069646298820442,0.1216221395560253,False,False
lfr_mu70_i09,lfr,0.7,0.737776025236593,9.0,slpa,15,23,15,23,,,,-0.00018601737038687248,0.09453213222521817,False,False
lfr_mu70_i09,lfr,0.7,0.737776025236593,9.0,slpa,15,24,15,24,,,,0.0016508656448050397,0.17369974654645104,False,False
lfr_mu70_i09,lfr,0.7,0.737776025236593,9.0,slpa,15,25,15,25,,,,0.009234123911478922,0.08881051655244665,False,False
lfr_mu70_i09,lfr,0.7,0.737776025236593,9.0,slpa,15,26,15,26,,,,0.01777862694872963,0.10566406681764018,False,False
lfr_mu70_i09,lfr,0.7,0.737776025236593,9.0,slpa,15,27,15,27,,,,-0.00020074888052495907,0.1096361788315412,False,False
lfr_mu70_i09,lfr,0.7,0.737776025236593,9.0,slpa,15,28,15,28,,,,3.38140560418515e-05,0.17432660568866742,False,False
lfr_mu70_i09,lfr,0.7,0.737776025236593,9.0,slpa,15,29,15,29,,,,0.0026598881647282376,0.12645747918242245,False,False
lfr_mu70_i09,lfr,0.7,0.737776025236593,9.0,slpa,16,17,16,17,,,,-1.1078763307799274e-05,0.19240995695115604,False,False
lfr_mu70_i09,lfr,0.7,0.737776025236593,9.0,slpa,16,18,16,18,,,,-1.2008203234968069e-05,0.18095238095238098,False,False
lfr_mu70_i09,lfr,0.7,0.737776025236593,9.0,slpa,16,19,16,19,,,,-1.1784074892278837e-05,0.22769839482752552,False,False
lfr_mu70_i09,lfr,0.7,0.737776025236593,9.0,slpa,16,20,16,20,,,,-1.188874216177344e-05,0.2223196511745218,False,False
lfr_mu70_i09,lfr,0.7,0.737776025236593,9.0,slpa,16,21,16,21,,,,-1.1851992194750617e-05,0.19791666666666674,False,False
lfr_mu70_i09,lfr,0.7,0.737776025236593,9.0,slpa,16,22,16,22,,,,-1.200645449163757e-05,0.21034820133012166,False,False
lfr_mu70_i09,lfr,0.7,0.737776025236593,9.0,slpa,16,23,16,23,,,,-1.1665648026799345e-05,0.20931116525692706,False,False
lfr_mu70_i09,lfr,0.7,0.737776025236593,9.0,slpa,16,24,16,24,,,,-1.2008132529991175e-05,0.23073168136738575,False,False
lfr_mu70_i09,lfr,0.7,0.737776025236593,9.0,slpa,16,25,16,25,,,,0.000601127034101527,0.2122670970235886,False,False
lfr_mu70_i09,lfr,0.7,0.737776025236593,9.0,slpa,16,26,16,26,,,,-1.0769505671377099e-05,0.20512820512820507,False,False
lfr_mu70_i09,lfr,0.7,0.737776025236593,9.0,slpa,16,27,16,27,,,,-1.2010652991109544e-05,0.1858974358974359,False,False
lfr_mu70_i09,lfr,0.7,0.737776025236593,9.0,slpa,16,28,16,28,,,,7.926630015255702e-06,0.37629277362931535,False,False
lfr_mu70_i09,lfr,0.7,0.737776025236593,9.0,slpa,16,29,16,29,,,,-1.1735643721570159e-05,0.22354852507722245,False,False
lfr_mu70_i09,lfr,0.7,0.737776025236593,9.0,slpa,17,18,17,18,,,,0.004642226894495814,0.14761331749769346,False,False
lfr_mu70_i09,lfr,0.7,0.737776025236593,9.0,slpa,17,19,17,19,,,,5.612636646322259e-06,0.09307567770024128,False,False
lfr_mu70_i09,lfr,0.7,0.737776025236593,9.0,slpa,17,20,17,20,,,,-0.00025885269750279083,0.0652924216002766,False,False
lfr_mu70_i09,lfr,0.7,0.737776025236593,9.0,slpa,17,21,17,21,,,,-0.00045035537529509453,0.1113110002575235,False,False
lfr_mu70_i09,lfr,0.7,0.737776025236593,9.0,slpa,17,22,17,22,,,,-0.018193882761725955,0.12347008130757176,False,False
lfr_mu70_i09,lfr,0.7,0.737776025236593,9.0,slpa,17,23,17,23,,,,-7.310740838349135e-05,0.10245267031921101,False,False
lfr_mu70_i09,lfr,0.7,0.737776025236593,9.0,slpa,17,24,17,24,,,,0.0034365007078442132,0.12846492754341,False,False
lfr_mu70_i09,lfr,0.7,0.737776025236593,9.0,slpa,17,25,17,25,,,,0.0022409108238372437,0.10035060011137609,False,False
lfr_mu70_i09,lfr,0.7,0.737776025236593,9.0,slpa,17,26,17,26,,,,2.132531783340545e-05,0.11355603721691254,False,False
lfr_mu70_i09,lfr,0.7,0.737776025236593,9.0,slpa,17,27,17,27,,,,-0.0195200149755214,0.14694808608144783,False,False
lfr_mu70_i09,lfr,0.7,0.737776025236593,9.0,slpa,17,28,17,28,,,,0.01785881935219923,0.16798656689202351,False,False
lfr_mu70_i09,lfr,0.7,0.737776025236593,9.0,slpa,17,29,17,29,,,,0.010790588382093734,0.09036980738376954,False,False
lfr_mu70_i09,lfr,0.7,0.737776025236593,9.0,slpa,18,19,18,19,,,,0.00021542927786725378,0.15358379077136752,False,False
lfr_mu70_i09,lfr,0.7,0.737776025236593,9.0,slpa,18,20,18,20,,,,0.0019238773756712672,0.19416000264872046,False,False
lfr_mu70_i09,lfr,0.7,0.737776025236593,9.0,slpa,18,21,18,21,,,,-0.0004049802455540137,0.0840310266425004,False,False
lfr_mu70_i09,lfr,0.7,0.737776025236593,9.0,slpa,18,22,18,22,,,,0.029976052007143268,0.1474624835195456,False,False
lfr_mu70_i09,lfr,0.7,0.737776025236593,9.0,slpa,18,23,18,23,,,,0.0005500642418704067,0.18791468379709608,False,False
lfr_mu70_i09,lfr,0.7,0.737776025236593,9.0,slpa,18,24,18,24,,,,-0.01894855378498002,0.1030061068324678,False,False
lfr_mu70_i09,lfr,0.7,0.737776025236593,9.0,slpa,18,25,18,25,,,,-0.0017729237559438403,0.16117494565846646,False,False
lfr_mu70_i09,lfr,0.7,0.737776025236593,9.0,slpa,18,26,18,26,,,,1.5577663429912626e-05,0.19834912485787792,False,False
lfr_mu70_i09,lfr,0.7,0.737776025236593,9.0,slpa,18,27,18,27,,,,0.03605627549952315,0.2004685990854691,False,False
lfr_mu70_i09,lfr,0.7,0.737776025236593,9.0,slpa,18,28,18,28,,,,0.0006870577457325829,0.19502834539752012,False,False
lfr_mu70_i09,lfr,0.7,0.737776025236593,9.0,slpa,18,29,18,29,,,,-0.011448451369707464,0.1290007460358058,False,False
lfr_mu70_i09,lfr,0.7,0.737776025236593,9.0,slpa,19,20,19,20,,,,-0.00040412577284985125,0.06286476086220061,False,False
lfr_mu70_i09,lfr,0.7,0.737776025236593,9.0,slpa,19,21,19,21,,,,0.03147628369929548,0.08401475824249394,False,False
lfr_mu70_i09,lfr,0.7,0.737776025236593,9.0,slpa,19,22,19,22,,,,0.002189527711997326,0.12898197625706198,False,False
lfr_mu70_i09,lfr,0.7,0.737776025236593,9.0,slpa,19,23,19,23,,,,-0.00024491419736847854,0.14507229128478083,False,False
lfr_mu70_i09,lfr,0.7,0.737776025236593,9.0,slpa,19,24,19,24,,,,0.0015867808958049813,0.1337974112404523,False,False
lfr_mu70_i09,lfr,0.7,0.737776025236593,9.0,slpa,19,25,19,25,,,,0.0011657162208697665,0.12029052864022716,False,False
lfr_mu70_i09,lfr,0.7,0.737776025236593,9.0,slpa,19,26,19,26,,,,-8.915787166213514e-05,0.09194309847805082,False,False
lfr_mu70_i09,lfr,0.7,0.737776025236593,9.0,slpa,19,27,19,27,,,,0.0008770047103595519,0.08892802205393702,False,False
lfr_mu70_i09,lfr,0.7,0.737776025236593,9.0,slpa,19,28,19,28,,,,9.190637874694136e-06,0.12331269934304312,False,False
lfr_mu70_i09,lfr,0.7,0.737776025236593,9.0,slpa,19,29,19,29,,,,0.0024745768879442646,0.12026085232078565,False,False
lfr_mu70_i09,lfr,0.7,0.737776025236593,9.0,slpa,20,21,20,21,,,,0.011244617864069793,0.06990791731891965,False,False
lfr_mu70_i09,lfr,0.7,0.737776025236593,9.0,slpa,20,22,20,22,,,,0.015195842432062678,0.1315918861657055,False,False
lfr_mu70_i09,lfr,0.7,0.737776025236593,9.0,slpa,20,23,20,23,,,,0.01508946327197272,0.09870354246895918,False,False
lfr_mu70_i09,lfr,0.7,0.737776025236593,9.0,slpa,20,24,20,24,,,,-0.000905584278999934,0.060725684875375885,False,False
lfr_mu70_i09,lfr,0.7,0.737776025236593,9.0,slpa,20,25,20,25,,,,0.00909332506950609,0.1161320845071051,False,False
lfr_mu70_i09,lfr,0.7,0.737776025236593,9.0,slpa,20,26,20,26,,,,-9.552050776400367e-05,0.07775689043618295,False,False
lfr_mu70_i09,lfr,0.7,0.737776025236593,9.0,slpa,20,27,20,27,,,,0.0006960095362148543,0.09252213634756856,False,False
lfr_mu70_i09,lfr,0.7,0.737776025236593,9.0,slpa,20,28,20,28,,,,9.676365973326988e-05,0.17022337723254766,False,False
lfr_mu70_i09,lfr,0.7,0.737776025236593,9.0,slpa,20,29,20,29,,,,-0.0003071947638020338,0.08058954697995646,False,False
lfr_mu70_i09,lfr,0.7,0.737776025236593,9.0,slpa,21,22,21,22,,,,0.008162618936369074,0.10468270919001521,False,False
lfr_mu70_i09,lfr,0.7,0.737776025236593,9.0,slpa,21,23,21,23,,,,0.018302988928505338,0.08422506868176893,False,False
lfr_mu70_i09,lfr,0.7,0.737776025236593,9.0,slpa,21,24,21,24,,,,0.007422435658879291,0.2245902983908259,False,False
lfr_mu70_i09,lfr,0.7,0.737776025236593,9.0,slpa,21,25,21,25,,,,0.0031922892324969324,0.12649870340092384,False,False
lfr_mu70_i09,lfr,0.7,0.737776025236593,9.0,slpa,21,26,21,26,,,,0.007972069081755793,0.09351546208844164,False,False
lfr_mu70_i09,lfr,0.7,0.737776025236593,9.0,slpa,21,27,21,27,,,,-0.00017245196150643673,0.08046180479332077,False,False
lfr_mu70_i09,lfr,0.7,0.737776025236593,9.0,slpa,21,28,21,28,,,,-4.234580301716929e-05,0.14909950485691215,False,False
lfr_mu70_i09,lfr,0.7,0.737776025236593,9.0,slpa,21,29,21,29,,,,0.004644840323497896,0.10840421064973949,False,False
lfr_mu70_i09,lfr,0.7,0.737776025236593,9.0,slpa,22,23,22,23,,,,0.002181951211537709,0.1715991974724993,False,False
lfr_mu70_i09,lfr,0.7,0.737776025236593,9.0,slpa,22,24,22,24,,,,-0.007141788567068607,0.16064950024736624,False,False
lfr_mu70_i09,lfr,0.7,0.737776025236593,9.0,slpa,22,25,22,25,,,,0.016165768559377888,0.16056886026111905,False,False
lfr_mu70_i09,lfr,0.7,0.737776025236593,9.0,slpa,22,26,22,26,,,,0.0013164834928469213,0.12349732207829822,False,False
lfr_mu70_i09,lfr,0.7,0.737776025236593,9.0,slpa,22,27,22,27,,,,0.010125872966036186,0.19938678998703718,False,False
lfr_mu70_i09,lfr,0.7,0.737776025236593,9.0,slpa,22,28,22,28,,,,-0.0012169061294150711,0.20328004932157928,False,False
lfr_mu70_i09,lfr,0.7,0.737776025236593,9.0,slpa,22,29,22,29,,,,0.03322704885370426,0.1623405457383743,False,False
lfr_mu70_i09,lfr,0.7,0.737776025236593,9.0,slpa,23,24,23,24,,,,0.007997384908346486,0.10556134008199258,False,False
lfr_mu70_i09,lfr,0.7,0.737776025236593,9.0,slpa,23,25,23,25,,,,0.00020306954832951607,0.13025491166122594,False,False
lfr_mu70_i09,lfr,0.7,0.737776025236593,9.0,slpa,23,26,23,26,,,,-8.27983079256866e-05,0.08893434078318885,False,False
lfr_mu70_i09,lfr,0.7,0.737776025236593,9.0,slpa,23,27,23,27,,,,-0.0001892286644124314,0.13362100616910022,False,False
lfr_mu70_i09,lfr,0.7,0.737776025236593,9.0,slpa,23,28,23,28,,,,-0.00020244055679435492,0.22502990156958824,False,False
lfr_mu70_i09,lfr,0.7,0.737776025236593,9.0,slpa,23,29,23,29,,,,0.002327677092991346,0.09509526640123,False,False
lfr_mu70_i09,lfr,0.7,0.737776025236593,9.0,slpa,24,25,24,25,,,,0.026553724699309184,0.11003924888794547,False,False
lfr_mu70_i09,lfr,0.7,0.737776025236593,9.0,slpa,24,26,24,26,,,,0.0014555421077284835,0.13333959288601027,False,False
lfr_mu70_i09,lfr,0.7,0.737776025236593,9.0,slpa,24,27,24,27,,,,-0.025851105184508394,0.1394205817135873,False,False
lfr_mu70_i09,lfr,0.7,0.737776025236593,9.0,slpa,24,28,24,28,,,,-0.005821850721398036,0.22200689247253347,False,False
lfr_mu70_i09,lfr,0.7,0.737776025236593,9.0,slpa,24,29,24,29,,,,0.14524788600392605,0.12908444789939622,False,False
lfr_mu70_i09,lfr,0.7,0.737776025236593,9.0,slpa,25,26,25,26,,,,0.002332272757137355,0.1489203463360449,False,False
lfr_mu70_i09,lfr,0.7,0.737776025236593,9.0,slpa,25,27,25,27,,,,-0.008908424598336717,0.09116017895203798,False,False
lfr_mu70_i09,lfr,0.7,0.737776025236593,9.0,slpa,25,28,25,28,,,,-0.0005420650889768428,0.1770172176464755,False,False
lfr_mu70_i09,lfr,0.7,0.737776025236593,9.0,slpa,25,29,25,29,,,,0.008583527466265044,0.16947946539626368,False,False
lfr_mu70_i09,lfr,0.7,0.737776025236593,9.0,slpa,26,27,26,27,,,,0.00018182973248098428,0.11621559206718546,False,False
lfr_mu70_i09,lfr,0.7,0.737776025236593,9.0,slpa,26,28,26,28,,,,-1.1101725983761156e-05,0.14375460033444254,False,False
lfr_mu70_i09,lfr,0.7,0.737776025236593,9.0,slpa,26,29,26,29,,,,0.000717286110091116,0.1753447768341061,False,False
lfr_mu70_i09,lfr,0.7,0.737776025236593,9.0,slpa,27,28,27,28,,,,0.0015011333497058227,0.1645418396020749,False,False
lfr_mu70_i09,lfr,0.7,0.737776025236593,9.0,slpa,27,29,27,29,,,,-0.026393226472540547,0.16742260491487349,False,False
lfr_mu70_i09,lfr,0.7,0.737776025236593,9.0,slpa,28,29,28,29,,,,-0.01063534698022862,0.18500968691361674,False,False
